2026-05-30T17:32:09.612-03:00  INFO 35288 --- [main] Project.back_end.BackEndApplication      : Starting BackEndApplication using Java 21.0.11 with PID 35288 (E:\projects\CurriculumLattes\back_end\target\classes started by augus in E:\projects\CurriculumLattes)
2026-05-30T17:32:09.614-03:00  INFO 35288 --- [main] Project.back_end.BackEndApplication      : The following 1 profile is active: "prod"
2026-05-30T17:32:10.445-03:00  INFO 35288 --- [main] .s.d.r.c.RepositoryConfigurationDelegate : Bootstrapping Spring Data JPA repositories in DEFAULT mode.
2026-05-30T17:32:10.509-03:00  INFO 35288 --- [main] .s.d.r.c.RepositoryConfigurationDelegate : Finished Spring Data repository scanning in 54 ms. Found 2 JPA repository interfaces.
2026-05-30T17:32:11.198-03:00  INFO 35288 --- [main] o.s.b.w.embedded.tomcat.TomcatWebServer  : Tomcat initialized with port 8080 (http)
2026-05-30T17:32:11.216-03:00  INFO 35288 --- [main] o.apache.catalina.core.StandardService   : Starting service [Tomcat]
2026-05-30T17:32:11.216-03:00  INFO 35288 --- [main] o.apache.catalina.core.StandardEngine    : Starting Servlet engine: [Apache Tomcat/10.1.52]
2026-05-30T17:32:11.293-03:00  INFO 35288 --- [main] o.a.c.c.C.[Tomcat].[localhost].[/]       : Initializing Spring embedded WebApplicationContext
2026-05-30T17:32:11.293-03:00  INFO 35288 --- [main] w.s.c.ServletWebServerApplicationContext : Root WebApplicationContext: initialization completed in 1648 ms
2026-05-30T17:32:11.601-03:00  INFO 35288 --- [main] o.hibernate.jpa.internal.util.LogHelper  : HHH000204: Processing PersistenceUnitInfo [name: default]
2026-05-30T17:32:11.662-03:00  INFO 35288 --- [main] org.hibernate.Version                    : HHH000412: Hibernate ORM core version 6.6.42.Final
2026-05-30T17:32:11.693-03:00  INFO 35288 --- [main] o.h.c.internal.RegionFactoryInitiator    : HHH000026: Second-level cache disabled
2026-05-30T17:32:11.999-03:00  INFO 35288 --- [main] o.s.o.j.p.SpringPersistenceUnitInfo      : No LoadTimeWeaver setup: ignoring JPA class transformer
2026-05-30T17:32:12.025-03:00  INFO 35288 --- [main] com.zaxxer.hikari.HikariDataSource       : HikariPool-1 - Starting...
2026-05-30T17:32:12.167-03:00  INFO 35288 --- [main] com.zaxxer.hikari.pool.HikariPool        : HikariPool-1 - Added connection conn0: url=jdbc:h2:mem:testdb user=SA
2026-05-30T17:32:12.169-03:00  INFO 35288 --- [main] com.zaxxer.hikari.HikariDataSource       : HikariPool-1 - Start completed.
2026-05-30T17:32:12.212-03:00  INFO 35288 --- [main] org.hibernate.orm.connections.pooling    : HHH10001005: Database info:
	Database JDBC URL [Connecting through datasource 'HikariDataSource (HikariPool-1)']
	Database driver: undefined/unknown
	Database version: 2.3.232
	Autocommit mode: undefined/unknown
	Isolation level: undefined/unknown
	Minimum pool size: undefined/unknown
	Maximum pool size: undefined/unknown
2026-05-30T17:32:12.358-03:00 ERROR 35288 --- [main] j.LocalContainerEntityManagerFactoryBean : Failed to initialize JPA EntityManagerFactory: Association 'Project.back_end.entities.Publication.author_id' targets the type 'java.lang.Long' which is not an '@Entity' type
2026-05-30T17:32:12.359-03:00  WARN 35288 --- [main] ConfigServletWebServerApplicationContext : Exception encountered during context initialization - cancelling refresh attempt: org.springframework.beans.factory.BeanCreationException: Error creating bean with name 'entityManagerFactory' defined in class path resource [org/springframework/boot/autoconfigure/orm/jpa/HibernateJpaConfiguration.class]: Association 'Project.back_end.entities.Publication.author_id' targets the type 'java.lang.Long' which is not an '@Entity' type
2026-05-30T17:32:12.359-03:00  INFO 35288 --- [main] com.zaxxer.hikari.HikariDataSource       : HikariPool-1 - Shutdown initiated...
2026-05-30T17:32:12.385-03:00  INFO 35288 --- [main] com.zaxxer.hikari.HikariDataSource       : HikariPool-1 - Shutdown completed.
2026-05-30T17:32:12.387-03:00  INFO 35288 --- [main] o.apache.catalina.core.StandardService   : Stopping service [Tomcat]
2026-05-30T17:32:12.400-03:00  INFO 35288 --- [main] .s.b.a.l.ConditionEvaluationReportLogger : 

Error starting ApplicationContext. To display the condition evaluation report re-run your application with 'debug' enabled.
2026-05-30T17:32:12.414-03:00 ERROR 35288 --- [main] o.s.boot.SpringApplication               : Application run failed

org.springframework.beans.factory.BeanCreationException: Error creating bean with name 'entityManagerFactory' defined in class path resource [org/springframework/boot/autoconfigure/orm/jpa/HibernateJpaConfiguration.class]: Association 'Project.back_end.entities.Publication.author_id' targets the type 'java.lang.Long' which is not an '@Entity' type
	at org.springframework.beans.factory.support.AbstractAutowireCapableBeanFactory.initializeBean(AbstractAutowireCapableBeanFactory.java:1826) ~[spring-beans-6.2.16.jar:6.2.16]
	at org.springframework.beans.factory.support.AbstractAutowireCapableBeanFactory.doCreateBean(AbstractAutowireCapableBeanFactory.java:607) ~[spring-beans-6.2.16.jar:6.2.16]
	at org.springframework.beans.factory.support.AbstractAutowireCapableBeanFactory.createBean(AbstractAutowireCapableBeanFactory.java:529) ~[spring-beans-6.2.16.jar:6.2.16]
	at org.springframework.beans.factory.support.AbstractBeanFactory.lambda$doGetBean$0(AbstractBeanFactory.java:339) ~[spring-beans-6.2.16.jar:6.2.16]
	at org.springframework.beans.factory.support.DefaultSingletonBeanRegistry.getSingleton(DefaultSingletonBeanRegistry.java:373) ~[spring-beans-6.2.16.jar:6.2.16]
	at org.springframework.beans.factory.support.AbstractBeanFactory.doGetBean(AbstractBeanFactory.java:337) ~[spring-beans-6.2.16.jar:6.2.16]
	at org.springframework.beans.factory.support.AbstractBeanFactory.getBean(AbstractBeanFactory.java:207) ~[spring-beans-6.2.16.jar:6.2.16]
	at org.springframework.context.support.AbstractApplicationContext.finishBeanFactoryInitialization(AbstractApplicationContext.java:974) ~[spring-context-6.2.16.jar:6.2.16]
	at org.springframework.context.support.AbstractApplicationContext.refresh(AbstractApplicationContext.java:628) ~[spring-context-6.2.16.jar:6.2.16]
	at org.springframework.boot.web.servlet.context.ServletWebServerApplicationContext.refresh(ServletWebServerApplicationContext.java:146) ~[spring-boot-3.5.11.jar:3.5.11]
	at org.springframework.boot.SpringApplication.refresh(SpringApplication.java:752) ~[spring-boot-3.5.11.jar:3.5.11]
	at org.springframework.boot.SpringApplication.refreshContext(SpringApplication.java:439) ~[spring-boot-3.5.11.jar:3.5.11]
	at org.springframework.boot.SpringApplication.run(SpringApplication.java:318) ~[spring-boot-3.5.11.jar:3.5.11]
	at org.springframework.boot.SpringApplication.run(SpringApplication.java:1361) ~[spring-boot-3.5.11.jar:3.5.11]
	at org.springframework.boot.SpringApplication.run(SpringApplication.java:1350) ~[spring-boot-3.5.11.jar:3.5.11]
	at Project.back_end.BackEndApplication.main(BackEndApplication.java:26) ~[classes/:na]
Caused by: org.hibernate.AnnotationException: Association 'Project.back_end.entities.Publication.author_id' targets the type 'java.lang.Long' which is not an '@Entity' type
	at org.hibernate.boot.model.internal.ToOneFkSecondPass.doSecondPass(ToOneFkSecondPass.java:110) ~[hibernate-core-6.6.42.Final.jar:6.6.42.Final]
	at org.hibernate.boot.internal.InFlightMetadataCollectorImpl.processEndOfQueue(InFlightMetadataCollectorImpl.java:1937) ~[hibernate-core-6.6.42.Final.jar:6.6.42.Final]
	at org.hibernate.boot.internal.InFlightMetadataCollectorImpl.processFkSecondPassesInOrder(InFlightMetadataCollectorImpl.java:1886) ~[hibernate-core-6.6.42.Final.jar:6.6.42.Final]
	at org.hibernate.boot.internal.InFlightMetadataCollectorImpl.processSecondPasses(InFlightMetadataCollectorImpl.java:1794) ~[hibernate-core-6.6.42.Final.jar:6.6.42.Final]
	at org.hibernate.boot.model.process.spi.MetadataBuildingProcess.complete(MetadataBuildingProcess.java:334) ~[hibernate-core-6.6.42.Final.jar:6.6.42.Final]
	at org.hibernate.jpa.boot.internal.EntityManagerFactoryBuilderImpl.metadata(EntityManagerFactoryBuilderImpl.java:1442) ~[hibernate-core-6.6.42.Final.jar:6.6.42.Final]
	at org.hibernate.jpa.boot.internal.EntityManagerFactoryBuilderImpl.build(EntityManagerFactoryBuilderImpl.java:1513) ~[hibernate-core-6.6.42.Final.jar:6.6.42.Final]
	at org.springframework.orm.jpa.vendor.SpringHibernateJpaPersistenceProvider.createContainerEntityManagerFactory(SpringHibernateJpaPersistenceProvider.java:66) ~[spring-orm-6.2.16.jar:6.2.16]
	at org.springframework.orm.jpa.LocalContainerEntityManagerFactoryBean.createNativeEntityManagerFactory(LocalContainerEntityManagerFactoryBean.java:388) ~[spring-orm-6.2.16.jar:6.2.16]
	at org.springframework.orm.jpa.AbstractEntityManagerFactoryBean.buildNativeEntityManagerFactory(AbstractEntityManagerFactoryBean.java:419) ~[spring-orm-6.2.16.jar:6.2.16]
	at org.springframework.orm.jpa.AbstractEntityManagerFactoryBean.afterPropertiesSet(AbstractEntityManagerFactoryBean.java:400) ~[spring-orm-6.2.16.jar:6.2.16]
	at org.springframework.orm.jpa.LocalContainerEntityManagerFactoryBean.afterPropertiesSet(LocalContainerEntityManagerFactoryBean.java:364) ~[spring-orm-6.2.16.jar:6.2.16]
	at org.springframework.beans.factory.support.AbstractAutowireCapableBeanFactory.invokeInitMethods(AbstractAutowireCapableBeanFactory.java:1873) ~[spring-beans-6.2.16.jar:6.2.16]
	at org.springframework.beans.factory.support.AbstractAutowireCapableBeanFactory.initializeBean(AbstractAutowireCapableBeanFactory.java:1822) ~[spring-beans-6.2.16.jar:6.2.16]
	... 15 common frames omitted

2026-05-30T17:33:11.232-03:00  INFO 31556 --- [main] Project.back_end.BackEndApplication      : Starting BackEndApplication using Java 21.0.11 with PID 31556 (E:\projects\CurriculumLattes\back_end\target\classes started by augus in E:\projects\CurriculumLattes)
2026-05-30T17:33:11.234-03:00  INFO 31556 --- [main] Project.back_end.BackEndApplication      : The following 1 profile is active: "prod"
2026-05-30T17:33:12.089-03:00  INFO 31556 --- [main] .s.d.r.c.RepositoryConfigurationDelegate : Bootstrapping Spring Data JPA repositories in DEFAULT mode.
2026-05-30T17:33:12.148-03:00  INFO 31556 --- [main] .s.d.r.c.RepositoryConfigurationDelegate : Finished Spring Data repository scanning in 49 ms. Found 2 JPA repository interfaces.
2026-05-30T17:33:12.669-03:00  INFO 31556 --- [main] o.s.b.w.embedded.tomcat.TomcatWebServer  : Tomcat initialized with port 8080 (http)
2026-05-30T17:33:12.682-03:00  INFO 31556 --- [main] o.apache.catalina.core.StandardService   : Starting service [Tomcat]
2026-05-30T17:33:12.683-03:00  INFO 31556 --- [main] o.apache.catalina.core.StandardEngine    : Starting Servlet engine: [Apache Tomcat/10.1.52]
2026-05-30T17:33:12.742-03:00  INFO 31556 --- [main] o.a.c.c.C.[Tomcat].[localhost].[/]       : Initializing Spring embedded WebApplicationContext
2026-05-30T17:33:12.743-03:00  INFO 31556 --- [main] w.s.c.ServletWebServerApplicationContext : Root WebApplicationContext: initialization completed in 1477 ms
2026-05-30T17:33:12.931-03:00  INFO 31556 --- [main] o.hibernate.jpa.internal.util.LogHelper  : HHH000204: Processing PersistenceUnitInfo [name: default]
2026-05-30T17:33:12.977-03:00  INFO 31556 --- [main] org.hibernate.Version                    : HHH000412: Hibernate ORM core version 6.6.42.Final
2026-05-30T17:33:13.005-03:00  INFO 31556 --- [main] o.h.c.internal.RegionFactoryInitiator    : HHH000026: Second-level cache disabled
2026-05-30T17:33:13.217-03:00  INFO 31556 --- [main] o.s.o.j.p.SpringPersistenceUnitInfo      : No LoadTimeWeaver setup: ignoring JPA class transformer
2026-05-30T17:33:13.239-03:00  INFO 31556 --- [main] com.zaxxer.hikari.HikariDataSource       : HikariPool-1 - Starting...
2026-05-30T17:33:13.360-03:00  INFO 31556 --- [main] com.zaxxer.hikari.pool.HikariPool        : HikariPool-1 - Added connection conn0: url=jdbc:h2:mem:testdb user=SA
2026-05-30T17:33:13.362-03:00  INFO 31556 --- [main] com.zaxxer.hikari.HikariDataSource       : HikariPool-1 - Start completed.
2026-05-30T17:33:13.399-03:00  INFO 31556 --- [main] org.hibernate.orm.connections.pooling    : HHH10001005: Database info:
	Database JDBC URL [Connecting through datasource 'HikariDataSource (HikariPool-1)']
	Database driver: undefined/unknown
	Database version: 2.3.232
	Autocommit mode: undefined/unknown
	Isolation level: undefined/unknown
	Minimum pool size: undefined/unknown
	Maximum pool size: undefined/unknown
2026-05-30T17:33:14.011-03:00  INFO 31556 --- [main] o.h.e.t.j.p.i.JtaPlatformInitiator       : HHH000489: No JTA platform available (set 'hibernate.transaction.jta.platform' to enable JTA platform integration)
2026-05-30T17:33:14.052-03:00  WARN 31556 --- [main] o.h.t.s.i.ExceptionHandlerLoggedImpl     : GenerationTarget encountered exception accepting command : Error executing DDL "insert into tb_user (name, phone, email, password, created_at) values ('augusto', '3455-2748', 'augustoleal@gmail.com', '$2a$10$FUqjW4DqmVcpl71736.16uIP5J8A/GODt9q.t7mgACkqMRVQDIky2', now())" via JDBC [NULL not allowed for column "CPF";]

org.hibernate.tool.schema.spi.CommandAcceptanceException: Error executing DDL "insert into tb_user (name, phone, email, password, created_at) values ('augusto', '3455-2748', 'augustoleal@gmail.com', '$2a$10$FUqjW4DqmVcpl71736.16uIP5J8A/GODt9q.t7mgACkqMRVQDIky2', now())" via JDBC [NULL not allowed for column "CPF";]
	at org.hibernate.tool.schema.internal.exec.GenerationTargetToDatabase.accept(GenerationTargetToDatabase.java:94) ~[hibernate-core-6.6.42.Final.jar:6.6.42.Final]
	at org.hibernate.tool.schema.internal.Helper.applySqlString(Helper.java:233) ~[hibernate-core-6.6.42.Final.jar:6.6.42.Final]
	at org.hibernate.tool.schema.internal.Helper.applyScript(Helper.java:255) ~[hibernate-core-6.6.42.Final.jar:6.6.42.Final]
	at org.hibernate.tool.schema.internal.SchemaCreatorImpl.applyImportFiles(SchemaCreatorImpl.java:694) ~[hibernate-core-6.6.42.Final.jar:6.6.42.Final]
	at org.hibernate.tool.schema.internal.SchemaCreatorImpl.applyImportSources(SchemaCreatorImpl.java:597) ~[hibernate-core-6.6.42.Final.jar:6.6.42.Final]
	at org.hibernate.tool.schema.internal.SchemaCreatorImpl.performCreation(SchemaCreatorImpl.java:186) ~[hibernate-core-6.6.42.Final.jar:6.6.42.Final]
	at org.hibernate.tool.schema.internal.SchemaCreatorImpl.doCreation(SchemaCreatorImpl.java:144) ~[hibernate-core-6.6.42.Final.jar:6.6.42.Final]
	at org.hibernate.tool.schema.internal.SchemaCreatorImpl.doCreation(SchemaCreatorImpl.java:120) ~[hibernate-core-6.6.42.Final.jar:6.6.42.Final]
	at org.hibernate.tool.schema.spi.SchemaManagementToolCoordinator.performDatabaseAction(SchemaManagementToolCoordinator.java:250) ~[hibernate-core-6.6.42.Final.jar:6.6.42.Final]
	at org.hibernate.tool.schema.spi.SchemaManagementToolCoordinator.lambda$process$5(SchemaManagementToolCoordinator.java:144) ~[hibernate-core-6.6.42.Final.jar:6.6.42.Final]
	at java.base/java.util.HashMap.forEach(HashMap.java:1429) ~[na:na]
	at org.hibernate.tool.schema.spi.SchemaManagementToolCoordinator.process(SchemaManagementToolCoordinator.java:141) ~[hibernate-core-6.6.42.Final.jar:6.6.42.Final]
	at org.hibernate.boot.internal.SessionFactoryObserverForSchemaExport.sessionFactoryCreated(SessionFactoryObserverForSchemaExport.java:37) ~[hibernate-core-6.6.42.Final.jar:6.6.42.Final]
	at org.hibernate.internal.SessionFactoryObserverChain.sessionFactoryCreated(SessionFactoryObserverChain.java:35) ~[hibernate-core-6.6.42.Final.jar:6.6.42.Final]
	at org.hibernate.internal.SessionFactoryImpl.<init>(SessionFactoryImpl.java:324) ~[hibernate-core-6.6.42.Final.jar:6.6.42.Final]
	at org.hibernate.boot.internal.SessionFactoryBuilderImpl.build(SessionFactoryBuilderImpl.java:463) ~[hibernate-core-6.6.42.Final.jar:6.6.42.Final]
	at org.hibernate.jpa.boot.internal.EntityManagerFactoryBuilderImpl.build(EntityManagerFactoryBuilderImpl.java:1517) ~[hibernate-core-6.6.42.Final.jar:6.6.42.Final]
	at org.springframework.orm.jpa.vendor.SpringHibernateJpaPersistenceProvider.createContainerEntityManagerFactory(SpringHibernateJpaPersistenceProvider.java:66) ~[spring-orm-6.2.16.jar:6.2.16]
	at org.springframework.orm.jpa.LocalContainerEntityManagerFactoryBean.createNativeEntityManagerFactory(LocalContainerEntityManagerFactoryBean.java:388) ~[spring-orm-6.2.16.jar:6.2.16]
	at org.springframework.orm.jpa.AbstractEntityManagerFactoryBean.buildNativeEntityManagerFactory(AbstractEntityManagerFactoryBean.java:419) ~[spring-orm-6.2.16.jar:6.2.16]
	at org.springframework.orm.jpa.AbstractEntityManagerFactoryBean.afterPropertiesSet(AbstractEntityManagerFactoryBean.java:400) ~[spring-orm-6.2.16.jar:6.2.16]
	at org.springframework.orm.jpa.LocalContainerEntityManagerFactoryBean.afterPropertiesSet(LocalContainerEntityManagerFactoryBean.java:364) ~[spring-orm-6.2.16.jar:6.2.16]
	at org.springframework.beans.factory.support.AbstractAutowireCapableBeanFactory.invokeInitMethods(AbstractAutowireCapableBeanFactory.java:1873) ~[spring-beans-6.2.16.jar:6.2.16]
	at org.springframework.beans.factory.support.AbstractAutowireCapableBeanFactory.initializeBean(AbstractAutowireCapableBeanFactory.java:1822) ~[spring-beans-6.2.16.jar:6.2.16]
	at org.springframework.beans.factory.support.AbstractAutowireCapableBeanFactory.doCreateBean(AbstractAutowireCapableBeanFactory.java:607) ~[spring-beans-6.2.16.jar:6.2.16]
	at org.springframework.beans.factory.support.AbstractAutowireCapableBeanFactory.createBean(AbstractAutowireCapableBeanFactory.java:529) ~[spring-beans-6.2.16.jar:6.2.16]
	at org.springframework.beans.factory.support.AbstractBeanFactory.lambda$doGetBean$0(AbstractBeanFactory.java:339) ~[spring-beans-6.2.16.jar:6.2.16]
	at org.springframework.beans.factory.support.DefaultSingletonBeanRegistry.getSingleton(DefaultSingletonBeanRegistry.java:373) ~[spring-beans-6.2.16.jar:6.2.16]
	at org.springframework.beans.factory.support.AbstractBeanFactory.doGetBean(AbstractBeanFactory.java:337) ~[spring-beans-6.2.16.jar:6.2.16]
	at org.springframework.beans.factory.support.AbstractBeanFactory.getBean(AbstractBeanFactory.java:207) ~[spring-beans-6.2.16.jar:6.2.16]
	at org.springframework.context.support.AbstractApplicationContext.finishBeanFactoryInitialization(AbstractApplicationContext.java:974) ~[spring-context-6.2.16.jar:6.2.16]
	at org.springframework.context.support.AbstractApplicationContext.refresh(AbstractApplicationContext.java:628) ~[spring-context-6.2.16.jar:6.2.16]
	at org.springframework.boot.web.servlet.context.ServletWebServerApplicationContext.refresh(ServletWebServerApplicationContext.java:146) ~[spring-boot-3.5.11.jar:3.5.11]
	at org.springframework.boot.SpringApplication.refresh(SpringApplication.java:752) ~[spring-boot-3.5.11.jar:3.5.11]
	at org.springframework.boot.SpringApplication.refreshContext(SpringApplication.java:439) ~[spring-boot-3.5.11.jar:3.5.11]
	at org.springframework.boot.SpringApplication.run(SpringApplication.java:318) ~[spring-boot-3.5.11.jar:3.5.11]
	at org.springframework.boot.SpringApplication.run(SpringApplication.java:1361) ~[spring-boot-3.5.11.jar:3.5.11]
	at org.springframework.boot.SpringApplication.run(SpringApplication.java:1350) ~[spring-boot-3.5.11.jar:3.5.11]
	at Project.back_end.BackEndApplication.main(BackEndApplication.java:26) ~[classes/:na]
Caused by: org.h2.jdbc.JdbcSQLIntegrityConstraintViolationException: NULL not allowed for column "CPF"; SQL statement:
insert into tb_user (name, phone, email, password, created_at) values ('augusto', '3455-2748', 'augustoleal@gmail.com', '$2a$10$FUqjW4DqmVcpl71736.16uIP5J8A/GODt9q.t7mgACkqMRVQDIky2', now()) [23502-232]
	at org.h2.message.DbException.getJdbcSQLException(DbException.java:520) ~[h2-2.3.232.jar:2.3.232]
	at org.h2.message.DbException.getJdbcSQLException(DbException.java:489) ~[h2-2.3.232.jar:2.3.232]
	at org.h2.message.DbException.get(DbException.java:223) ~[h2-2.3.232.jar:2.3.232]
	at org.h2.message.DbException.get(DbException.java:199) ~[h2-2.3.232.jar:2.3.232]
	at org.h2.table.Column.validateConvertUpdateSequence(Column.java:402) ~[h2-2.3.232.jar:2.3.232]
	at org.h2.table.Table.convertInsertRow(Table.java:963) ~[h2-2.3.232.jar:2.3.232]
	at org.h2.command.dml.Insert.insertRows(Insert.java:167) ~[h2-2.3.232.jar:2.3.232]
	at org.h2.command.dml.Insert.update(Insert.java:135) ~[h2-2.3.232.jar:2.3.232]
	at org.h2.command.dml.DataChangeStatement.update(DataChangeStatement.java:74) ~[h2-2.3.232.jar:2.3.232]
	at org.h2.command.CommandContainer.update(CommandContainer.java:139) ~[h2-2.3.232.jar:2.3.232]
	at org.h2.command.Command.executeUpdate(Command.java:304) ~[h2-2.3.232.jar:2.3.232]
	at org.h2.command.Command.executeUpdate(Command.java:248) ~[h2-2.3.232.jar:2.3.232]
	at org.h2.jdbc.JdbcStatement.executeInternal(JdbcStatement.java:262) ~[h2-2.3.232.jar:2.3.232]
	at org.h2.jdbc.JdbcStatement.execute(JdbcStatement.java:231) ~[h2-2.3.232.jar:2.3.232]
	at com.zaxxer.hikari.pool.ProxyStatement.execute(ProxyStatement.java:95) ~[HikariCP-6.3.3.jar:na]
	at com.zaxxer.hikari.pool.HikariProxyStatement.execute(HikariProxyStatement.java) ~[HikariCP-6.3.3.jar:na]
	at org.hibernate.tool.schema.internal.exec.GenerationTargetToDatabase.accept(GenerationTargetToDatabase.java:80) ~[hibernate-core-6.6.42.Final.jar:6.6.42.Final]
	... 38 common frames omitted

2026-05-30T17:33:14.056-03:00  WARN 31556 --- [main] o.h.t.s.i.ExceptionHandlerLoggedImpl     : GenerationTarget encountered exception accepting command : Error executing DDL "insert into tb_user (name, phone, email, password, created_at) values ('Claudio', '3425-1734', 'claudio@gmail.com', '$2a$10$FUqjW4DqmVcpl71736.16uIP5J8A/GODt9q.t7mgACkqMRVQDIky2', now())" via JDBC [NULL not allowed for column "CPF";]

org.hibernate.tool.schema.spi.CommandAcceptanceException: Error executing DDL "insert into tb_user (name, phone, email, password, created_at) values ('Claudio', '3425-1734', 'claudio@gmail.com', '$2a$10$FUqjW4DqmVcpl71736.16uIP5J8A/GODt9q.t7mgACkqMRVQDIky2', now())" via JDBC [NULL not allowed for column "CPF";]
	at org.hibernate.tool.schema.internal.exec.GenerationTargetToDatabase.accept(GenerationTargetToDatabase.java:94) ~[hibernate-core-6.6.42.Final.jar:6.6.42.Final]
	at org.hibernate.tool.schema.internal.Helper.applySqlString(Helper.java:233) ~[hibernate-core-6.6.42.Final.jar:6.6.42.Final]
	at org.hibernate.tool.schema.internal.Helper.applyScript(Helper.java:255) ~[hibernate-core-6.6.42.Final.jar:6.6.42.Final]
	at org.hibernate.tool.schema.internal.SchemaCreatorImpl.applyImportFiles(SchemaCreatorImpl.java:694) ~[hibernate-core-6.6.42.Final.jar:6.6.42.Final]
	at org.hibernate.tool.schema.internal.SchemaCreatorImpl.applyImportSources(SchemaCreatorImpl.java:597) ~[hibernate-core-6.6.42.Final.jar:6.6.42.Final]
	at org.hibernate.tool.schema.internal.SchemaCreatorImpl.performCreation(SchemaCreatorImpl.java:186) ~[hibernate-core-6.6.42.Final.jar:6.6.42.Final]
	at org.hibernate.tool.schema.internal.SchemaCreatorImpl.doCreation(SchemaCreatorImpl.java:144) ~[hibernate-core-6.6.42.Final.jar:6.6.42.Final]
	at org.hibernate.tool.schema.internal.SchemaCreatorImpl.doCreation(SchemaCreatorImpl.java:120) ~[hibernate-core-6.6.42.Final.jar:6.6.42.Final]
	at org.hibernate.tool.schema.spi.SchemaManagementToolCoordinator.performDatabaseAction(SchemaManagementToolCoordinator.java:250) ~[hibernate-core-6.6.42.Final.jar:6.6.42.Final]
	at org.hibernate.tool.schema.spi.SchemaManagementToolCoordinator.lambda$process$5(SchemaManagementToolCoordinator.java:144) ~[hibernate-core-6.6.42.Final.jar:6.6.42.Final]
	at java.base/java.util.HashMap.forEach(HashMap.java:1429) ~[na:na]
	at org.hibernate.tool.schema.spi.SchemaManagementToolCoordinator.process(SchemaManagementToolCoordinator.java:141) ~[hibernate-core-6.6.42.Final.jar:6.6.42.Final]
	at org.hibernate.boot.internal.SessionFactoryObserverForSchemaExport.sessionFactoryCreated(SessionFactoryObserverForSchemaExport.java:37) ~[hibernate-core-6.6.42.Final.jar:6.6.42.Final]
	at org.hibernate.internal.SessionFactoryObserverChain.sessionFactoryCreated(SessionFactoryObserverChain.java:35) ~[hibernate-core-6.6.42.Final.jar:6.6.42.Final]
	at org.hibernate.internal.SessionFactoryImpl.<init>(SessionFactoryImpl.java:324) ~[hibernate-core-6.6.42.Final.jar:6.6.42.Final]
	at org.hibernate.boot.internal.SessionFactoryBuilderImpl.build(SessionFactoryBuilderImpl.java:463) ~[hibernate-core-6.6.42.Final.jar:6.6.42.Final]
	at org.hibernate.jpa.boot.internal.EntityManagerFactoryBuilderImpl.build(EntityManagerFactoryBuilderImpl.java:1517) ~[hibernate-core-6.6.42.Final.jar:6.6.42.Final]
	at org.springframework.orm.jpa.vendor.SpringHibernateJpaPersistenceProvider.createContainerEntityManagerFactory(SpringHibernateJpaPersistenceProvider.java:66) ~[spring-orm-6.2.16.jar:6.2.16]
	at org.springframework.orm.jpa.LocalContainerEntityManagerFactoryBean.createNativeEntityManagerFactory(LocalContainerEntityManagerFactoryBean.java:388) ~[spring-orm-6.2.16.jar:6.2.16]
	at org.springframework.orm.jpa.AbstractEntityManagerFactoryBean.buildNativeEntityManagerFactory(AbstractEntityManagerFactoryBean.java:419) ~[spring-orm-6.2.16.jar:6.2.16]
	at org.springframework.orm.jpa.AbstractEntityManagerFactoryBean.afterPropertiesSet(AbstractEntityManagerFactoryBean.java:400) ~[spring-orm-6.2.16.jar:6.2.16]
	at org.springframework.orm.jpa.LocalContainerEntityManagerFactoryBean.afterPropertiesSet(LocalContainerEntityManagerFactoryBean.java:364) ~[spring-orm-6.2.16.jar:6.2.16]
	at org.springframework.beans.factory.support.AbstractAutowireCapableBeanFactory.invokeInitMethods(AbstractAutowireCapableBeanFactory.java:1873) ~[spring-beans-6.2.16.jar:6.2.16]
	at org.springframework.beans.factory.support.AbstractAutowireCapableBeanFactory.initializeBean(AbstractAutowireCapableBeanFactory.java:1822) ~[spring-beans-6.2.16.jar:6.2.16]
	at org.springframework.beans.factory.support.AbstractAutowireCapableBeanFactory.doCreateBean(AbstractAutowireCapableBeanFactory.java:607) ~[spring-beans-6.2.16.jar:6.2.16]
	at org.springframework.beans.factory.support.AbstractAutowireCapableBeanFactory.createBean(AbstractAutowireCapableBeanFactory.java:529) ~[spring-beans-6.2.16.jar:6.2.16]
	at org.springframework.beans.factory.support.AbstractBeanFactory.lambda$doGetBean$0(AbstractBeanFactory.java:339) ~[spring-beans-6.2.16.jar:6.2.16]
	at org.springframework.beans.factory.support.DefaultSingletonBeanRegistry.getSingleton(DefaultSingletonBeanRegistry.java:373) ~[spring-beans-6.2.16.jar:6.2.16]
	at org.springframework.beans.factory.support.AbstractBeanFactory.doGetBean(AbstractBeanFactory.java:337) ~[spring-beans-6.2.16.jar:6.2.16]
	at org.springframework.beans.factory.support.AbstractBeanFactory.getBean(AbstractBeanFactory.java:207) ~[spring-beans-6.2.16.jar:6.2.16]
	at org.springframework.context.support.AbstractApplicationContext.finishBeanFactoryInitialization(AbstractApplicationContext.java:974) ~[spring-context-6.2.16.jar:6.2.16]
	at org.springframework.context.support.AbstractApplicationContext.refresh(AbstractApplicationContext.java:628) ~[spring-context-6.2.16.jar:6.2.16]
	at org.springframework.boot.web.servlet.context.ServletWebServerApplicationContext.refresh(ServletWebServerApplicationContext.java:146) ~[spring-boot-3.5.11.jar:3.5.11]
	at org.springframework.boot.SpringApplication.refresh(SpringApplication.java:752) ~[spring-boot-3.5.11.jar:3.5.11]
	at org.springframework.boot.SpringApplication.refreshContext(SpringApplication.java:439) ~[spring-boot-3.5.11.jar:3.5.11]
	at org.springframework.boot.SpringApplication.run(SpringApplication.java:318) ~[spring-boot-3.5.11.jar:3.5.11]
	at org.springframework.boot.SpringApplication.run(SpringApplication.java:1361) ~[spring-boot-3.5.11.jar:3.5.11]
	at org.springframework.boot.SpringApplication.run(SpringApplication.java:1350) ~[spring-boot-3.5.11.jar:3.5.11]
	at Project.back_end.BackEndApplication.main(BackEndApplication.java:26) ~[classes/:na]
Caused by: org.h2.jdbc.JdbcSQLIntegrityConstraintViolationException: NULL not allowed for column "CPF"; SQL statement:
insert into tb_user (name, phone, email, password, created_at) values ('Claudio', '3425-1734', 'claudio@gmail.com', '$2a$10$FUqjW4DqmVcpl71736.16uIP5J8A/GODt9q.t7mgACkqMRVQDIky2', now()) [23502-232]
	at org.h2.message.DbException.getJdbcSQLException(DbException.java:520) ~[h2-2.3.232.jar:2.3.232]
	at org.h2.message.DbException.getJdbcSQLException(DbException.java:489) ~[h2-2.3.232.jar:2.3.232]
	at org.h2.message.DbException.get(DbException.java:223) ~[h2-2.3.232.jar:2.3.232]
	at org.h2.message.DbException.get(DbException.java:199) ~[h2-2.3.232.jar:2.3.232]
	at org.h2.table.Column.validateConvertUpdateSequence(Column.java:402) ~[h2-2.3.232.jar:2.3.232]
	at org.h2.table.Table.convertInsertRow(Table.java:963) ~[h2-2.3.232.jar:2.3.232]
	at org.h2.command.dml.Insert.insertRows(Insert.java:167) ~[h2-2.3.232.jar:2.3.232]
	at org.h2.command.dml.Insert.update(Insert.java:135) ~[h2-2.3.232.jar:2.3.232]
	at org.h2.command.dml.DataChangeStatement.update(DataChangeStatement.java:74) ~[h2-2.3.232.jar:2.3.232]
	at org.h2.command.CommandContainer.update(CommandContainer.java:139) ~[h2-2.3.232.jar:2.3.232]
	at org.h2.command.Command.executeUpdate(Command.java:304) ~[h2-2.3.232.jar:2.3.232]
	at org.h2.command.Command.executeUpdate(Command.java:248) ~[h2-2.3.232.jar:2.3.232]
	at org.h2.jdbc.JdbcStatement.executeInternal(JdbcStatement.java:262) ~[h2-2.3.232.jar:2.3.232]
	at org.h2.jdbc.JdbcStatement.execute(JdbcStatement.java:231) ~[h2-2.3.232.jar:2.3.232]
	at com.zaxxer.hikari.pool.ProxyStatement.execute(ProxyStatement.java:95) ~[HikariCP-6.3.3.jar:na]
	at com.zaxxer.hikari.pool.HikariProxyStatement.execute(HikariProxyStatement.java) ~[HikariCP-6.3.3.jar:na]
	at org.hibernate.tool.schema.internal.exec.GenerationTargetToDatabase.accept(GenerationTargetToDatabase.java:80) ~[hibernate-core-6.6.42.Final.jar:6.6.42.Final]
	... 38 common frames omitted

2026-05-30T17:33:14.058-03:00  WARN 31556 --- [main] o.h.t.s.i.ExceptionHandlerLoggedImpl     : GenerationTarget encountered exception accepting command : Error executing DDL "insert into tb_user_perfil(id_user, id_perfil) values (1, 1)" via JDBC [Referential integrity constraint violation: "FKEX75KNQTCYB5RVBOABI57DX2O: PUBLIC.TB_USER_PERFIL FOREIGN KEY(ID_USER) REFERENCES PUBLIC.TB_USER(ID) (CAST(1 AS BIGINT))";]

org.hibernate.tool.schema.spi.CommandAcceptanceException: Error executing DDL "insert into tb_user_perfil(id_user, id_perfil) values (1, 1)" via JDBC [Referential integrity constraint violation: "FKEX75KNQTCYB5RVBOABI57DX2O: PUBLIC.TB_USER_PERFIL FOREIGN KEY(ID_USER) REFERENCES PUBLIC.TB_USER(ID) (CAST(1 AS BIGINT))";]
	at org.hibernate.tool.schema.internal.exec.GenerationTargetToDatabase.accept(GenerationTargetToDatabase.java:94) ~[hibernate-core-6.6.42.Final.jar:6.6.42.Final]
	at org.hibernate.tool.schema.internal.Helper.applySqlString(Helper.java:233) ~[hibernate-core-6.6.42.Final.jar:6.6.42.Final]
	at org.hibernate.tool.schema.internal.Helper.applyScript(Helper.java:255) ~[hibernate-core-6.6.42.Final.jar:6.6.42.Final]
	at org.hibernate.tool.schema.internal.SchemaCreatorImpl.applyImportFiles(SchemaCreatorImpl.java:694) ~[hibernate-core-6.6.42.Final.jar:6.6.42.Final]
	at org.hibernate.tool.schema.internal.SchemaCreatorImpl.applyImportSources(SchemaCreatorImpl.java:597) ~[hibernate-core-6.6.42.Final.jar:6.6.42.Final]
	at org.hibernate.tool.schema.internal.SchemaCreatorImpl.performCreation(SchemaCreatorImpl.java:186) ~[hibernate-core-6.6.42.Final.jar:6.6.42.Final]
	at org.hibernate.tool.schema.internal.SchemaCreatorImpl.doCreation(SchemaCreatorImpl.java:144) ~[hibernate-core-6.6.42.Final.jar:6.6.42.Final]
	at org.hibernate.tool.schema.internal.SchemaCreatorImpl.doCreation(SchemaCreatorImpl.java:120) ~[hibernate-core-6.6.42.Final.jar:6.6.42.Final]
	at org.hibernate.tool.schema.spi.SchemaManagementToolCoordinator.performDatabaseAction(SchemaManagementToolCoordinator.java:250) ~[hibernate-core-6.6.42.Final.jar:6.6.42.Final]
	at org.hibernate.tool.schema.spi.SchemaManagementToolCoordinator.lambda$process$5(SchemaManagementToolCoordinator.java:144) ~[hibernate-core-6.6.42.Final.jar:6.6.42.Final]
	at java.base/java.util.HashMap.forEach(HashMap.java:1429) ~[na:na]
	at org.hibernate.tool.schema.spi.SchemaManagementToolCoordinator.process(SchemaManagementToolCoordinator.java:141) ~[hibernate-core-6.6.42.Final.jar:6.6.42.Final]
	at org.hibernate.boot.internal.SessionFactoryObserverForSchemaExport.sessionFactoryCreated(SessionFactoryObserverForSchemaExport.java:37) ~[hibernate-core-6.6.42.Final.jar:6.6.42.Final]
	at org.hibernate.internal.SessionFactoryObserverChain.sessionFactoryCreated(SessionFactoryObserverChain.java:35) ~[hibernate-core-6.6.42.Final.jar:6.6.42.Final]
	at org.hibernate.internal.SessionFactoryImpl.<init>(SessionFactoryImpl.java:324) ~[hibernate-core-6.6.42.Final.jar:6.6.42.Final]
	at org.hibernate.boot.internal.SessionFactoryBuilderImpl.build(SessionFactoryBuilderImpl.java:463) ~[hibernate-core-6.6.42.Final.jar:6.6.42.Final]
	at org.hibernate.jpa.boot.internal.EntityManagerFactoryBuilderImpl.build(EntityManagerFactoryBuilderImpl.java:1517) ~[hibernate-core-6.6.42.Final.jar:6.6.42.Final]
	at org.springframework.orm.jpa.vendor.SpringHibernateJpaPersistenceProvider.createContainerEntityManagerFactory(SpringHibernateJpaPersistenceProvider.java:66) ~[spring-orm-6.2.16.jar:6.2.16]
	at org.springframework.orm.jpa.LocalContainerEntityManagerFactoryBean.createNativeEntityManagerFactory(LocalContainerEntityManagerFactoryBean.java:388) ~[spring-orm-6.2.16.jar:6.2.16]
	at org.springframework.orm.jpa.AbstractEntityManagerFactoryBean.buildNativeEntityManagerFactory(AbstractEntityManagerFactoryBean.java:419) ~[spring-orm-6.2.16.jar:6.2.16]
	at org.springframework.orm.jpa.AbstractEntityManagerFactoryBean.afterPropertiesSet(AbstractEntityManagerFactoryBean.java:400) ~[spring-orm-6.2.16.jar:6.2.16]
	at org.springframework.orm.jpa.LocalContainerEntityManagerFactoryBean.afterPropertiesSet(LocalContainerEntityManagerFactoryBean.java:364) ~[spring-orm-6.2.16.jar:6.2.16]
	at org.springframework.beans.factory.support.AbstractAutowireCapableBeanFactory.invokeInitMethods(AbstractAutowireCapableBeanFactory.java:1873) ~[spring-beans-6.2.16.jar:6.2.16]
	at org.springframework.beans.factory.support.AbstractAutowireCapableBeanFactory.initializeBean(AbstractAutowireCapableBeanFactory.java:1822) ~[spring-beans-6.2.16.jar:6.2.16]
	at org.springframework.beans.factory.support.AbstractAutowireCapableBeanFactory.doCreateBean(AbstractAutowireCapableBeanFactory.java:607) ~[spring-beans-6.2.16.jar:6.2.16]
	at org.springframework.beans.factory.support.AbstractAutowireCapableBeanFactory.createBean(AbstractAutowireCapableBeanFactory.java:529) ~[spring-beans-6.2.16.jar:6.2.16]
	at org.springframework.beans.factory.support.AbstractBeanFactory.lambda$doGetBean$0(AbstractBeanFactory.java:339) ~[spring-beans-6.2.16.jar:6.2.16]
	at org.springframework.beans.factory.support.DefaultSingletonBeanRegistry.getSingleton(DefaultSingletonBeanRegistry.java:373) ~[spring-beans-6.2.16.jar:6.2.16]
	at org.springframework.beans.factory.support.AbstractBeanFactory.doGetBean(AbstractBeanFactory.java:337) ~[spring-beans-6.2.16.jar:6.2.16]
	at org.springframework.beans.factory.support.AbstractBeanFactory.getBean(AbstractBeanFactory.java:207) ~[spring-beans-6.2.16.jar:6.2.16]
	at org.springframework.context.support.AbstractApplicationContext.finishBeanFactoryInitialization(AbstractApplicationContext.java:974) ~[spring-context-6.2.16.jar:6.2.16]
	at org.springframework.context.support.AbstractApplicationContext.refresh(AbstractApplicationContext.java:628) ~[spring-context-6.2.16.jar:6.2.16]
	at org.springframework.boot.web.servlet.context.ServletWebServerApplicationContext.refresh(ServletWebServerApplicationContext.java:146) ~[spring-boot-3.5.11.jar:3.5.11]
	at org.springframework.boot.SpringApplication.refresh(SpringApplication.java:752) ~[spring-boot-3.5.11.jar:3.5.11]
	at org.springframework.boot.SpringApplication.refreshContext(SpringApplication.java:439) ~[spring-boot-3.5.11.jar:3.5.11]
	at org.springframework.boot.SpringApplication.run(SpringApplication.java:318) ~[spring-boot-3.5.11.jar:3.5.11]
	at org.springframework.boot.SpringApplication.run(SpringApplication.java:1361) ~[spring-boot-3.5.11.jar:3.5.11]
	at org.springframework.boot.SpringApplication.run(SpringApplication.java:1350) ~[spring-boot-3.5.11.jar:3.5.11]
	at Project.back_end.BackEndApplication.main(BackEndApplication.java:26) ~[classes/:na]
Caused by: org.h2.jdbc.JdbcSQLIntegrityConstraintViolationException: Referential integrity constraint violation: "FKEX75KNQTCYB5RVBOABI57DX2O: PUBLIC.TB_USER_PERFIL FOREIGN KEY(ID_USER) REFERENCES PUBLIC.TB_USER(ID) (CAST(1 AS BIGINT))"; SQL statement:
insert into tb_user_perfil(id_user, id_perfil) values (1, 1) [23506-232]
	at org.h2.message.DbException.getJdbcSQLException(DbException.java:520) ~[h2-2.3.232.jar:2.3.232]
	at org.h2.message.DbException.getJdbcSQLException(DbException.java:489) ~[h2-2.3.232.jar:2.3.232]
	at org.h2.message.DbException.get(DbException.java:223) ~[h2-2.3.232.jar:2.3.232]
	at org.h2.message.DbException.get(DbException.java:199) ~[h2-2.3.232.jar:2.3.232]
	at org.h2.constraint.ConstraintReferential.checkRowOwnTable(ConstraintReferential.java:308) ~[h2-2.3.232.jar:2.3.232]
	at org.h2.constraint.ConstraintReferential.checkRow(ConstraintReferential.java:249) ~[h2-2.3.232.jar:2.3.232]
	at org.h2.table.Table.fireConstraints(Table.java:1227) ~[h2-2.3.232.jar:2.3.232]
	at org.h2.table.Table.fireAfterRow(Table.java:1245) ~[h2-2.3.232.jar:2.3.232]
	at org.h2.command.dml.Insert.insertRows(Insert.java:188) ~[h2-2.3.232.jar:2.3.232]
	at org.h2.command.dml.Insert.update(Insert.java:135) ~[h2-2.3.232.jar:2.3.232]
	at org.h2.command.dml.DataChangeStatement.update(DataChangeStatement.java:74) ~[h2-2.3.232.jar:2.3.232]
	at org.h2.command.CommandContainer.update(CommandContainer.java:139) ~[h2-2.3.232.jar:2.3.232]
	at org.h2.command.Command.executeUpdate(Command.java:304) ~[h2-2.3.232.jar:2.3.232]
	at org.h2.command.Command.executeUpdate(Command.java:248) ~[h2-2.3.232.jar:2.3.232]
	at org.h2.jdbc.JdbcStatement.executeInternal(JdbcStatement.java:262) ~[h2-2.3.232.jar:2.3.232]
	at org.h2.jdbc.JdbcStatement.execute(JdbcStatement.java:231) ~[h2-2.3.232.jar:2.3.232]
	at com.zaxxer.hikari.pool.ProxyStatement.execute(ProxyStatement.java:95) ~[HikariCP-6.3.3.jar:na]
	at com.zaxxer.hikari.pool.HikariProxyStatement.execute(HikariProxyStatement.java) ~[HikariCP-6.3.3.jar:na]
	at org.hibernate.tool.schema.internal.exec.GenerationTargetToDatabase.accept(GenerationTargetToDatabase.java:80) ~[hibernate-core-6.6.42.Final.jar:6.6.42.Final]
	... 38 common frames omitted

2026-05-30T17:33:14.059-03:00  WARN 31556 --- [main] o.h.t.s.i.ExceptionHandlerLoggedImpl     : GenerationTarget encountered exception accepting command : Error executing DDL "insert into tb_user_perfil(id_user, id_perfil) values (2, 2)" via JDBC [Referential integrity constraint violation: "FKEX75KNQTCYB5RVBOABI57DX2O: PUBLIC.TB_USER_PERFIL FOREIGN KEY(ID_USER) REFERENCES PUBLIC.TB_USER(ID) (CAST(2 AS BIGINT))";]

org.hibernate.tool.schema.spi.CommandAcceptanceException: Error executing DDL "insert into tb_user_perfil(id_user, id_perfil) values (2, 2)" via JDBC [Referential integrity constraint violation: "FKEX75KNQTCYB5RVBOABI57DX2O: PUBLIC.TB_USER_PERFIL FOREIGN KEY(ID_USER) REFERENCES PUBLIC.TB_USER(ID) (CAST(2 AS BIGINT))";]
	at org.hibernate.tool.schema.internal.exec.GenerationTargetToDatabase.accept(GenerationTargetToDatabase.java:94) ~[hibernate-core-6.6.42.Final.jar:6.6.42.Final]
	at org.hibernate.tool.schema.internal.Helper.applySqlString(Helper.java:233) ~[hibernate-core-6.6.42.Final.jar:6.6.42.Final]
	at org.hibernate.tool.schema.internal.Helper.applyScript(Helper.java:255) ~[hibernate-core-6.6.42.Final.jar:6.6.42.Final]
	at org.hibernate.tool.schema.internal.SchemaCreatorImpl.applyImportFiles(SchemaCreatorImpl.java:694) ~[hibernate-core-6.6.42.Final.jar:6.6.42.Final]
	at org.hibernate.tool.schema.internal.SchemaCreatorImpl.applyImportSources(SchemaCreatorImpl.java:597) ~[hibernate-core-6.6.42.Final.jar:6.6.42.Final]
	at org.hibernate.tool.schema.internal.SchemaCreatorImpl.performCreation(SchemaCreatorImpl.java:186) ~[hibernate-core-6.6.42.Final.jar:6.6.42.Final]
	at org.hibernate.tool.schema.internal.SchemaCreatorImpl.doCreation(SchemaCreatorImpl.java:144) ~[hibernate-core-6.6.42.Final.jar:6.6.42.Final]
	at org.hibernate.tool.schema.internal.SchemaCreatorImpl.doCreation(SchemaCreatorImpl.java:120) ~[hibernate-core-6.6.42.Final.jar:6.6.42.Final]
	at org.hibernate.tool.schema.spi.SchemaManagementToolCoordinator.performDatabaseAction(SchemaManagementToolCoordinator.java:250) ~[hibernate-core-6.6.42.Final.jar:6.6.42.Final]
	at org.hibernate.tool.schema.spi.SchemaManagementToolCoordinator.lambda$process$5(SchemaManagementToolCoordinator.java:144) ~[hibernate-core-6.6.42.Final.jar:6.6.42.Final]
	at java.base/java.util.HashMap.forEach(HashMap.java:1429) ~[na:na]
	at org.hibernate.tool.schema.spi.SchemaManagementToolCoordinator.process(SchemaManagementToolCoordinator.java:141) ~[hibernate-core-6.6.42.Final.jar:6.6.42.Final]
	at org.hibernate.boot.internal.SessionFactoryObserverForSchemaExport.sessionFactoryCreated(SessionFactoryObserverForSchemaExport.java:37) ~[hibernate-core-6.6.42.Final.jar:6.6.42.Final]
	at org.hibernate.internal.SessionFactoryObserverChain.sessionFactoryCreated(SessionFactoryObserverChain.java:35) ~[hibernate-core-6.6.42.Final.jar:6.6.42.Final]
	at org.hibernate.internal.SessionFactoryImpl.<init>(SessionFactoryImpl.java:324) ~[hibernate-core-6.6.42.Final.jar:6.6.42.Final]
	at org.hibernate.boot.internal.SessionFactoryBuilderImpl.build(SessionFactoryBuilderImpl.java:463) ~[hibernate-core-6.6.42.Final.jar:6.6.42.Final]
	at org.hibernate.jpa.boot.internal.EntityManagerFactoryBuilderImpl.build(EntityManagerFactoryBuilderImpl.java:1517) ~[hibernate-core-6.6.42.Final.jar:6.6.42.Final]
	at org.springframework.orm.jpa.vendor.SpringHibernateJpaPersistenceProvider.createContainerEntityManagerFactory(SpringHibernateJpaPersistenceProvider.java:66) ~[spring-orm-6.2.16.jar:6.2.16]
	at org.springframework.orm.jpa.LocalContainerEntityManagerFactoryBean.createNativeEntityManagerFactory(LocalContainerEntityManagerFactoryBean.java:388) ~[spring-orm-6.2.16.jar:6.2.16]
	at org.springframework.orm.jpa.AbstractEntityManagerFactoryBean.buildNativeEntityManagerFactory(AbstractEntityManagerFactoryBean.java:419) ~[spring-orm-6.2.16.jar:6.2.16]
	at org.springframework.orm.jpa.AbstractEntityManagerFactoryBean.afterPropertiesSet(AbstractEntityManagerFactoryBean.java:400) ~[spring-orm-6.2.16.jar:6.2.16]
	at org.springframework.orm.jpa.LocalContainerEntityManagerFactoryBean.afterPropertiesSet(LocalContainerEntityManagerFactoryBean.java:364) ~[spring-orm-6.2.16.jar:6.2.16]
	at org.springframework.beans.factory.support.AbstractAutowireCapableBeanFactory.invokeInitMethods(AbstractAutowireCapableBeanFactory.java:1873) ~[spring-beans-6.2.16.jar:6.2.16]
	at org.springframework.beans.factory.support.AbstractAutowireCapableBeanFactory.initializeBean(AbstractAutowireCapableBeanFactory.java:1822) ~[spring-beans-6.2.16.jar:6.2.16]
	at org.springframework.beans.factory.support.AbstractAutowireCapableBeanFactory.doCreateBean(AbstractAutowireCapableBeanFactory.java:607) ~[spring-beans-6.2.16.jar:6.2.16]
	at org.springframework.beans.factory.support.AbstractAutowireCapableBeanFactory.createBean(AbstractAutowireCapableBeanFactory.java:529) ~[spring-beans-6.2.16.jar:6.2.16]
	at org.springframework.beans.factory.support.AbstractBeanFactory.lambda$doGetBean$0(AbstractBeanFactory.java:339) ~[spring-beans-6.2.16.jar:6.2.16]
	at org.springframework.beans.factory.support.DefaultSingletonBeanRegistry.getSingleton(DefaultSingletonBeanRegistry.java:373) ~[spring-beans-6.2.16.jar:6.2.16]
	at org.springframework.beans.factory.support.AbstractBeanFactory.doGetBean(AbstractBeanFactory.java:337) ~[spring-beans-6.2.16.jar:6.2.16]
	at org.springframework.beans.factory.support.AbstractBeanFactory.getBean(AbstractBeanFactory.java:207) ~[spring-beans-6.2.16.jar:6.2.16]
	at org.springframework.context.support.AbstractApplicationContext.finishBeanFactoryInitialization(AbstractApplicationContext.java:974) ~[spring-context-6.2.16.jar:6.2.16]
	at org.springframework.context.support.AbstractApplicationContext.refresh(AbstractApplicationContext.java:628) ~[spring-context-6.2.16.jar:6.2.16]
	at org.springframework.boot.web.servlet.context.ServletWebServerApplicationContext.refresh(ServletWebServerApplicationContext.java:146) ~[spring-boot-3.5.11.jar:3.5.11]
	at org.springframework.boot.SpringApplication.refresh(SpringApplication.java:752) ~[spring-boot-3.5.11.jar:3.5.11]
	at org.springframework.boot.SpringApplication.refreshContext(SpringApplication.java:439) ~[spring-boot-3.5.11.jar:3.5.11]
	at org.springframework.boot.SpringApplication.run(SpringApplication.java:318) ~[spring-boot-3.5.11.jar:3.5.11]
	at org.springframework.boot.SpringApplication.run(SpringApplication.java:1361) ~[spring-boot-3.5.11.jar:3.5.11]
	at org.springframework.boot.SpringApplication.run(SpringApplication.java:1350) ~[spring-boot-3.5.11.jar:3.5.11]
	at Project.back_end.BackEndApplication.main(BackEndApplication.java:26) ~[classes/:na]
Caused by: org.h2.jdbc.JdbcSQLIntegrityConstraintViolationException: Referential integrity constraint violation: "FKEX75KNQTCYB5RVBOABI57DX2O: PUBLIC.TB_USER_PERFIL FOREIGN KEY(ID_USER) REFERENCES PUBLIC.TB_USER(ID) (CAST(2 AS BIGINT))"; SQL statement:
insert into tb_user_perfil(id_user, id_perfil) values (2, 2) [23506-232]
	at org.h2.message.DbException.getJdbcSQLException(DbException.java:520) ~[h2-2.3.232.jar:2.3.232]
	at org.h2.message.DbException.getJdbcSQLException(DbException.java:489) ~[h2-2.3.232.jar:2.3.232]
	at org.h2.message.DbException.get(DbException.java:223) ~[h2-2.3.232.jar:2.3.232]
	at org.h2.message.DbException.get(DbException.java:199) ~[h2-2.3.232.jar:2.3.232]
	at org.h2.constraint.ConstraintReferential.checkRowOwnTable(ConstraintReferential.java:308) ~[h2-2.3.232.jar:2.3.232]
	at org.h2.constraint.ConstraintReferential.checkRow(ConstraintReferential.java:249) ~[h2-2.3.232.jar:2.3.232]
	at org.h2.table.Table.fireConstraints(Table.java:1227) ~[h2-2.3.232.jar:2.3.232]
	at org.h2.table.Table.fireAfterRow(Table.java:1245) ~[h2-2.3.232.jar:2.3.232]
	at org.h2.command.dml.Insert.insertRows(Insert.java:188) ~[h2-2.3.232.jar:2.3.232]
	at org.h2.command.dml.Insert.update(Insert.java:135) ~[h2-2.3.232.jar:2.3.232]
	at org.h2.command.dml.DataChangeStatement.update(DataChangeStatement.java:74) ~[h2-2.3.232.jar:2.3.232]
	at org.h2.command.CommandContainer.update(CommandContainer.java:139) ~[h2-2.3.232.jar:2.3.232]
	at org.h2.command.Command.executeUpdate(Command.java:304) ~[h2-2.3.232.jar:2.3.232]
	at org.h2.command.Command.executeUpdate(Command.java:248) ~[h2-2.3.232.jar:2.3.232]
	at org.h2.jdbc.JdbcStatement.executeInternal(JdbcStatement.java:262) ~[h2-2.3.232.jar:2.3.232]
	at org.h2.jdbc.JdbcStatement.execute(JdbcStatement.java:231) ~[h2-2.3.232.jar:2.3.232]
	at com.zaxxer.hikari.pool.ProxyStatement.execute(ProxyStatement.java:95) ~[HikariCP-6.3.3.jar:na]
	at com.zaxxer.hikari.pool.HikariProxyStatement.execute(HikariProxyStatement.java) ~[HikariCP-6.3.3.jar:na]
	at org.hibernate.tool.schema.internal.exec.GenerationTargetToDatabase.accept(GenerationTargetToDatabase.java:80) ~[hibernate-core-6.6.42.Final.jar:6.6.42.Final]
	... 38 common frames omitted

2026-05-30T17:33:14.061-03:00  WARN 31556 --- [main] o.h.t.s.i.ExceptionHandlerLoggedImpl     : GenerationTarget encountered exception accepting command : Error executing DDL "insert into tb_user_perfil(id_user, id_perfil) values (2, 3)" via JDBC [Referential integrity constraint violation: "FKEX75KNQTCYB5RVBOABI57DX2O: PUBLIC.TB_USER_PERFIL FOREIGN KEY(ID_USER) REFERENCES PUBLIC.TB_USER(ID) (CAST(2 AS BIGINT))";]

org.hibernate.tool.schema.spi.CommandAcceptanceException: Error executing DDL "insert into tb_user_perfil(id_user, id_perfil) values (2, 3)" via JDBC [Referential integrity constraint violation: "FKEX75KNQTCYB5RVBOABI57DX2O: PUBLIC.TB_USER_PERFIL FOREIGN KEY(ID_USER) REFERENCES PUBLIC.TB_USER(ID) (CAST(2 AS BIGINT))";]
	at org.hibernate.tool.schema.internal.exec.GenerationTargetToDatabase.accept(GenerationTargetToDatabase.java:94) ~[hibernate-core-6.6.42.Final.jar:6.6.42.Final]
	at org.hibernate.tool.schema.internal.Helper.applySqlString(Helper.java:233) ~[hibernate-core-6.6.42.Final.jar:6.6.42.Final]
	at org.hibernate.tool.schema.internal.Helper.applyScript(Helper.java:255) ~[hibernate-core-6.6.42.Final.jar:6.6.42.Final]
	at org.hibernate.tool.schema.internal.SchemaCreatorImpl.applyImportFiles(SchemaCreatorImpl.java:694) ~[hibernate-core-6.6.42.Final.jar:6.6.42.Final]
	at org.hibernate.tool.schema.internal.SchemaCreatorImpl.applyImportSources(SchemaCreatorImpl.java:597) ~[hibernate-core-6.6.42.Final.jar:6.6.42.Final]
	at org.hibernate.tool.schema.internal.SchemaCreatorImpl.performCreation(SchemaCreatorImpl.java:186) ~[hibernate-core-6.6.42.Final.jar:6.6.42.Final]
	at org.hibernate.tool.schema.internal.SchemaCreatorImpl.doCreation(SchemaCreatorImpl.java:144) ~[hibernate-core-6.6.42.Final.jar:6.6.42.Final]
	at org.hibernate.tool.schema.internal.SchemaCreatorImpl.doCreation(SchemaCreatorImpl.java:120) ~[hibernate-core-6.6.42.Final.jar:6.6.42.Final]
	at org.hibernate.tool.schema.spi.SchemaManagementToolCoordinator.performDatabaseAction(SchemaManagementToolCoordinator.java:250) ~[hibernate-core-6.6.42.Final.jar:6.6.42.Final]
	at org.hibernate.tool.schema.spi.SchemaManagementToolCoordinator.lambda$process$5(SchemaManagementToolCoordinator.java:144) ~[hibernate-core-6.6.42.Final.jar:6.6.42.Final]
	at java.base/java.util.HashMap.forEach(HashMap.java:1429) ~[na:na]
	at org.hibernate.tool.schema.spi.SchemaManagementToolCoordinator.process(SchemaManagementToolCoordinator.java:141) ~[hibernate-core-6.6.42.Final.jar:6.6.42.Final]
	at org.hibernate.boot.internal.SessionFactoryObserverForSchemaExport.sessionFactoryCreated(SessionFactoryObserverForSchemaExport.java:37) ~[hibernate-core-6.6.42.Final.jar:6.6.42.Final]
	at org.hibernate.internal.SessionFactoryObserverChain.sessionFactoryCreated(SessionFactoryObserverChain.java:35) ~[hibernate-core-6.6.42.Final.jar:6.6.42.Final]
	at org.hibernate.internal.SessionFactoryImpl.<init>(SessionFactoryImpl.java:324) ~[hibernate-core-6.6.42.Final.jar:6.6.42.Final]
	at org.hibernate.boot.internal.SessionFactoryBuilderImpl.build(SessionFactoryBuilderImpl.java:463) ~[hibernate-core-6.6.42.Final.jar:6.6.42.Final]
	at org.hibernate.jpa.boot.internal.EntityManagerFactoryBuilderImpl.build(EntityManagerFactoryBuilderImpl.java:1517) ~[hibernate-core-6.6.42.Final.jar:6.6.42.Final]
	at org.springframework.orm.jpa.vendor.SpringHibernateJpaPersistenceProvider.createContainerEntityManagerFactory(SpringHibernateJpaPersistenceProvider.java:66) ~[spring-orm-6.2.16.jar:6.2.16]
	at org.springframework.orm.jpa.LocalContainerEntityManagerFactoryBean.createNativeEntityManagerFactory(LocalContainerEntityManagerFactoryBean.java:388) ~[spring-orm-6.2.16.jar:6.2.16]
	at org.springframework.orm.jpa.AbstractEntityManagerFactoryBean.buildNativeEntityManagerFactory(AbstractEntityManagerFactoryBean.java:419) ~[spring-orm-6.2.16.jar:6.2.16]
	at org.springframework.orm.jpa.AbstractEntityManagerFactoryBean.afterPropertiesSet(AbstractEntityManagerFactoryBean.java:400) ~[spring-orm-6.2.16.jar:6.2.16]
	at org.springframework.orm.jpa.LocalContainerEntityManagerFactoryBean.afterPropertiesSet(LocalContainerEntityManagerFactoryBean.java:364) ~[spring-orm-6.2.16.jar:6.2.16]
	at org.springframework.beans.factory.support.AbstractAutowireCapableBeanFactory.invokeInitMethods(AbstractAutowireCapableBeanFactory.java:1873) ~[spring-beans-6.2.16.jar:6.2.16]
	at org.springframework.beans.factory.support.AbstractAutowireCapableBeanFactory.initializeBean(AbstractAutowireCapableBeanFactory.java:1822) ~[spring-beans-6.2.16.jar:6.2.16]
	at org.springframework.beans.factory.support.AbstractAutowireCapableBeanFactory.doCreateBean(AbstractAutowireCapableBeanFactory.java:607) ~[spring-beans-6.2.16.jar:6.2.16]
	at org.springframework.beans.factory.support.AbstractAutowireCapableBeanFactory.createBean(AbstractAutowireCapableBeanFactory.java:529) ~[spring-beans-6.2.16.jar:6.2.16]
	at org.springframework.beans.factory.support.AbstractBeanFactory.lambda$doGetBean$0(AbstractBeanFactory.java:339) ~[spring-beans-6.2.16.jar:6.2.16]
	at org.springframework.beans.factory.support.DefaultSingletonBeanRegistry.getSingleton(DefaultSingletonBeanRegistry.java:373) ~[spring-beans-6.2.16.jar:6.2.16]
	at org.springframework.beans.factory.support.AbstractBeanFactory.doGetBean(AbstractBeanFactory.java:337) ~[spring-beans-6.2.16.jar:6.2.16]
	at org.springframework.beans.factory.support.AbstractBeanFactory.getBean(AbstractBeanFactory.java:207) ~[spring-beans-6.2.16.jar:6.2.16]
	at org.springframework.context.support.AbstractApplicationContext.finishBeanFactoryInitialization(AbstractApplicationContext.java:974) ~[spring-context-6.2.16.jar:6.2.16]
	at org.springframework.context.support.AbstractApplicationContext.refresh(AbstractApplicationContext.java:628) ~[spring-context-6.2.16.jar:6.2.16]
	at org.springframework.boot.web.servlet.context.ServletWebServerApplicationContext.refresh(ServletWebServerApplicationContext.java:146) ~[spring-boot-3.5.11.jar:3.5.11]
	at org.springframework.boot.SpringApplication.refresh(SpringApplication.java:752) ~[spring-boot-3.5.11.jar:3.5.11]
	at org.springframework.boot.SpringApplication.refreshContext(SpringApplication.java:439) ~[spring-boot-3.5.11.jar:3.5.11]
	at org.springframework.boot.SpringApplication.run(SpringApplication.java:318) ~[spring-boot-3.5.11.jar:3.5.11]
	at org.springframework.boot.SpringApplication.run(SpringApplication.java:1361) ~[spring-boot-3.5.11.jar:3.5.11]
	at org.springframework.boot.SpringApplication.run(SpringApplication.java:1350) ~[spring-boot-3.5.11.jar:3.5.11]
	at Project.back_end.BackEndApplication.main(BackEndApplication.java:26) ~[classes/:na]
Caused by: org.h2.jdbc.JdbcSQLIntegrityConstraintViolationException: Referential integrity constraint violation: "FKEX75KNQTCYB5RVBOABI57DX2O: PUBLIC.TB_USER_PERFIL FOREIGN KEY(ID_USER) REFERENCES PUBLIC.TB_USER(ID) (CAST(2 AS BIGINT))"; SQL statement:
insert into tb_user_perfil(id_user, id_perfil) values (2, 3) [23506-232]
	at org.h2.message.DbException.getJdbcSQLException(DbException.java:520) ~[h2-2.3.232.jar:2.3.232]
	at org.h2.message.DbException.getJdbcSQLException(DbException.java:489) ~[h2-2.3.232.jar:2.3.232]
	at org.h2.message.DbException.get(DbException.java:223) ~[h2-2.3.232.jar:2.3.232]
	at org.h2.message.DbException.get(DbException.java:199) ~[h2-2.3.232.jar:2.3.232]
	at org.h2.constraint.ConstraintReferential.checkRowOwnTable(ConstraintReferential.java:308) ~[h2-2.3.232.jar:2.3.232]
	at org.h2.constraint.ConstraintReferential.checkRow(ConstraintReferential.java:249) ~[h2-2.3.232.jar:2.3.232]
	at org.h2.table.Table.fireConstraints(Table.java:1227) ~[h2-2.3.232.jar:2.3.232]
	at org.h2.table.Table.fireAfterRow(Table.java:1245) ~[h2-2.3.232.jar:2.3.232]
	at org.h2.command.dml.Insert.insertRows(Insert.java:188) ~[h2-2.3.232.jar:2.3.232]
	at org.h2.command.dml.Insert.update(Insert.java:135) ~[h2-2.3.232.jar:2.3.232]
	at org.h2.command.dml.DataChangeStatement.update(DataChangeStatement.java:74) ~[h2-2.3.232.jar:2.3.232]
	at org.h2.command.CommandContainer.update(CommandContainer.java:139) ~[h2-2.3.232.jar:2.3.232]
	at org.h2.command.Command.executeUpdate(Command.java:304) ~[h2-2.3.232.jar:2.3.232]
	at org.h2.command.Command.executeUpdate(Command.java:248) ~[h2-2.3.232.jar:2.3.232]
	at org.h2.jdbc.JdbcStatement.executeInternal(JdbcStatement.java:262) ~[h2-2.3.232.jar:2.3.232]
	at org.h2.jdbc.JdbcStatement.execute(JdbcStatement.java:231) ~[h2-2.3.232.jar:2.3.232]
	at com.zaxxer.hikari.pool.ProxyStatement.execute(ProxyStatement.java:95) ~[HikariCP-6.3.3.jar:na]
	at com.zaxxer.hikari.pool.HikariProxyStatement.execute(HikariProxyStatement.java) ~[HikariCP-6.3.3.jar:na]
	at org.hibernate.tool.schema.internal.exec.GenerationTargetToDatabase.accept(GenerationTargetToDatabase.java:80) ~[hibernate-core-6.6.42.Final.jar:6.6.42.Final]
	... 38 common frames omitted

2026-05-30T17:33:14.064-03:00  INFO 31556 --- [main] j.LocalContainerEntityManagerFactoryBean : Initialized JPA EntityManagerFactory for persistence unit 'default'
2026-05-30T17:33:14.307-03:00  INFO 31556 --- [main] o.s.d.j.r.query.QueryEnhancerFactory     : Hibernate is in classpath; If applicable, HQL parser will be used.
2026-05-30T17:33:14.499-03:00  WARN 31556 --- [main] JpaBaseConfiguration$JpaWebConfiguration : spring.jpa.open-in-view is enabled by default. Therefore, database queries may be performed during view rendering. Explicitly configure spring.jpa.open-in-view to disable this warning
2026-05-30T17:33:14.781-03:00  INFO 31556 --- [main] r$InitializeUserDetailsManagerConfigurer : Global AuthenticationManager configured with UserDetailsService bean with name userService
2026-05-30T17:33:14.846-03:00 DEBUG 31556 --- [main] o.s.s.web.DefaultSecurityFilterChain     : Will secure any request with filters: DisableEncodeUrlFilter, WebAsyncManagerIntegrationFilter, SecurityContextHolderFilter, HeaderWriterFilter, CorsFilter, LogoutFilter, BasicAuthenticationFilter, RequestCacheAwareFilter, SecurityContextHolderAwareRequestFilter, AnonymousAuthenticationFilter, SessionManagementFilter, ExceptionTranslationFilter, AuthorizationFilter
2026-05-30T17:33:15.012-03:00  INFO 31556 --- [main] o.s.b.a.h2.H2ConsoleAutoConfiguration    : H2 console available at '/h2-console'. Database available at 'jdbc:h2:mem:testdb'
2026-05-30T17:33:15.309-03:00  INFO 31556 --- [main] o.s.b.w.embedded.tomcat.TomcatWebServer  : Tomcat started on port 8080 (http) with context path '/'
2026-05-30T17:33:15.317-03:00  INFO 31556 --- [main] Project.back_end.BackEndApplication      : Started BackEndApplication in 4.45 seconds (process running for 4.736)
2026-05-30T17:33:15.321-03:00  WARN 31556 --- [main] o.s.core.events.SpringDocAppInitializer  : SpringDoc /v3/api-docs endpoint is enabled by default. To disable it in production, set the property 'springdoc.api-docs.enabled=false'
2026-05-30T17:33:15.322-03:00  WARN 31556 --- [main] o.s.core.events.SpringDocAppInitializer  : SpringDoc /swagger-ui.html endpoint is enabled by default. To disable it in production, set the property 'springdoc.swagger-ui.enabled=false'
2026-05-30T17:33:35.818-03:00  INFO 31320 --- [main] Project.back_end.BackEndApplication      : Starting BackEndApplication using Java 21.0.11 with PID 31320 (E:\projects\CurriculumLattes\back_end\target\classes started by augus in E:\projects\CurriculumLattes)
2026-05-30T17:33:35.819-03:00  INFO 31320 --- [main] Project.back_end.BackEndApplication      : The following 1 profile is active: "prod"
2026-05-30T17:33:36.560-03:00  INFO 31320 --- [main] .s.d.r.c.RepositoryConfigurationDelegate : Bootstrapping Spring Data JPA repositories in DEFAULT mode.
2026-05-30T17:33:36.621-03:00  INFO 31320 --- [main] .s.d.r.c.RepositoryConfigurationDelegate : Finished Spring Data repository scanning in 50 ms. Found 2 JPA repository interfaces.
2026-05-30T17:33:37.133-03:00  INFO 31320 --- [main] o.s.b.w.embedded.tomcat.TomcatWebServer  : Tomcat initialized with port 8080 (http)
2026-05-30T17:33:37.145-03:00  INFO 31320 --- [main] o.apache.catalina.core.StandardService   : Starting service [Tomcat]
2026-05-30T17:33:37.145-03:00  INFO 31320 --- [main] o.apache.catalina.core.StandardEngine    : Starting Servlet engine: [Apache Tomcat/10.1.52]
2026-05-30T17:33:37.199-03:00  INFO 31320 --- [main] o.a.c.c.C.[Tomcat].[localhost].[/]       : Initializing Spring embedded WebApplicationContext
2026-05-30T17:33:37.199-03:00  INFO 31320 --- [main] w.s.c.ServletWebServerApplicationContext : Root WebApplicationContext: initialization completed in 1350 ms
2026-05-30T17:33:37.384-03:00  INFO 31320 --- [main] o.hibernate.jpa.internal.util.LogHelper  : HHH000204: Processing PersistenceUnitInfo [name: default]
2026-05-30T17:33:37.433-03:00  INFO 31320 --- [main] org.hibernate.Version                    : HHH000412: Hibernate ORM core version 6.6.42.Final
2026-05-30T17:33:37.469-03:00  INFO 31320 --- [main] o.h.c.internal.RegionFactoryInitiator    : HHH000026: Second-level cache disabled
2026-05-30T17:33:37.687-03:00  INFO 31320 --- [main] o.s.o.j.p.SpringPersistenceUnitInfo      : No LoadTimeWeaver setup: ignoring JPA class transformer
2026-05-30T17:33:37.711-03:00  INFO 31320 --- [main] com.zaxxer.hikari.HikariDataSource       : HikariPool-1 - Starting...
2026-05-30T17:33:37.826-03:00  INFO 31320 --- [main] com.zaxxer.hikari.pool.HikariPool        : HikariPool-1 - Added connection conn0: url=jdbc:h2:mem:testdb user=SA
2026-05-30T17:33:37.827-03:00  INFO 31320 --- [main] com.zaxxer.hikari.HikariDataSource       : HikariPool-1 - Start completed.
2026-05-30T17:33:37.863-03:00  INFO 31320 --- [main] org.hibernate.orm.connections.pooling    : HHH10001005: Database info:
	Database JDBC URL [Connecting through datasource 'HikariDataSource (HikariPool-1)']
	Database driver: undefined/unknown
	Database version: 2.3.232
	Autocommit mode: undefined/unknown
	Isolation level: undefined/unknown
	Minimum pool size: undefined/unknown
	Maximum pool size: undefined/unknown
2026-05-30T17:33:38.469-03:00  INFO 31320 --- [main] o.h.e.t.j.p.i.JtaPlatformInitiator       : HHH000489: No JTA platform available (set 'hibernate.transaction.jta.platform' to enable JTA platform integration)
2026-05-30T17:33:38.511-03:00  WARN 31320 --- [main] o.h.t.s.i.ExceptionHandlerLoggedImpl     : GenerationTarget encountered exception accepting command : Error executing DDL "insert into tb_user (name, phone, email, password, created_at) values ('augusto', '3455-2748', 'augustoleal@gmail.com', '$2a$10$FUqjW4DqmVcpl71736.16uIP5J8A/GODt9q.t7mgACkqMRVQDIky2', now())" via JDBC [NULL not allowed for column "CPF";]

org.hibernate.tool.schema.spi.CommandAcceptanceException: Error executing DDL "insert into tb_user (name, phone, email, password, created_at) values ('augusto', '3455-2748', 'augustoleal@gmail.com', '$2a$10$FUqjW4DqmVcpl71736.16uIP5J8A/GODt9q.t7mgACkqMRVQDIky2', now())" via JDBC [NULL not allowed for column "CPF";]
	at org.hibernate.tool.schema.internal.exec.GenerationTargetToDatabase.accept(GenerationTargetToDatabase.java:94) ~[hibernate-core-6.6.42.Final.jar:6.6.42.Final]
	at org.hibernate.tool.schema.internal.Helper.applySqlString(Helper.java:233) ~[hibernate-core-6.6.42.Final.jar:6.6.42.Final]
	at org.hibernate.tool.schema.internal.Helper.applyScript(Helper.java:255) ~[hibernate-core-6.6.42.Final.jar:6.6.42.Final]
	at org.hibernate.tool.schema.internal.SchemaCreatorImpl.applyImportFiles(SchemaCreatorImpl.java:694) ~[hibernate-core-6.6.42.Final.jar:6.6.42.Final]
	at org.hibernate.tool.schema.internal.SchemaCreatorImpl.applyImportSources(SchemaCreatorImpl.java:597) ~[hibernate-core-6.6.42.Final.jar:6.6.42.Final]
	at org.hibernate.tool.schema.internal.SchemaCreatorImpl.performCreation(SchemaCreatorImpl.java:186) ~[hibernate-core-6.6.42.Final.jar:6.6.42.Final]
	at org.hibernate.tool.schema.internal.SchemaCreatorImpl.doCreation(SchemaCreatorImpl.java:144) ~[hibernate-core-6.6.42.Final.jar:6.6.42.Final]
	at org.hibernate.tool.schema.internal.SchemaCreatorImpl.doCreation(SchemaCreatorImpl.java:120) ~[hibernate-core-6.6.42.Final.jar:6.6.42.Final]
	at org.hibernate.tool.schema.spi.SchemaManagementToolCoordinator.performDatabaseAction(SchemaManagementToolCoordinator.java:250) ~[hibernate-core-6.6.42.Final.jar:6.6.42.Final]
	at org.hibernate.tool.schema.spi.SchemaManagementToolCoordinator.lambda$process$5(SchemaManagementToolCoordinator.java:144) ~[hibernate-core-6.6.42.Final.jar:6.6.42.Final]
	at java.base/java.util.HashMap.forEach(HashMap.java:1429) ~[na:na]
	at org.hibernate.tool.schema.spi.SchemaManagementToolCoordinator.process(SchemaManagementToolCoordinator.java:141) ~[hibernate-core-6.6.42.Final.jar:6.6.42.Final]
	at org.hibernate.boot.internal.SessionFactoryObserverForSchemaExport.sessionFactoryCreated(SessionFactoryObserverForSchemaExport.java:37) ~[hibernate-core-6.6.42.Final.jar:6.6.42.Final]
	at org.hibernate.internal.SessionFactoryObserverChain.sessionFactoryCreated(SessionFactoryObserverChain.java:35) ~[hibernate-core-6.6.42.Final.jar:6.6.42.Final]
	at org.hibernate.internal.SessionFactoryImpl.<init>(SessionFactoryImpl.java:324) ~[hibernate-core-6.6.42.Final.jar:6.6.42.Final]
	at org.hibernate.boot.internal.SessionFactoryBuilderImpl.build(SessionFactoryBuilderImpl.java:463) ~[hibernate-core-6.6.42.Final.jar:6.6.42.Final]
	at org.hibernate.jpa.boot.internal.EntityManagerFactoryBuilderImpl.build(EntityManagerFactoryBuilderImpl.java:1517) ~[hibernate-core-6.6.42.Final.jar:6.6.42.Final]
	at org.springframework.orm.jpa.vendor.SpringHibernateJpaPersistenceProvider.createContainerEntityManagerFactory(SpringHibernateJpaPersistenceProvider.java:66) ~[spring-orm-6.2.16.jar:6.2.16]
	at org.springframework.orm.jpa.LocalContainerEntityManagerFactoryBean.createNativeEntityManagerFactory(LocalContainerEntityManagerFactoryBean.java:388) ~[spring-orm-6.2.16.jar:6.2.16]
	at org.springframework.orm.jpa.AbstractEntityManagerFactoryBean.buildNativeEntityManagerFactory(AbstractEntityManagerFactoryBean.java:419) ~[spring-orm-6.2.16.jar:6.2.16]
	at org.springframework.orm.jpa.AbstractEntityManagerFactoryBean.afterPropertiesSet(AbstractEntityManagerFactoryBean.java:400) ~[spring-orm-6.2.16.jar:6.2.16]
	at org.springframework.orm.jpa.LocalContainerEntityManagerFactoryBean.afterPropertiesSet(LocalContainerEntityManagerFactoryBean.java:364) ~[spring-orm-6.2.16.jar:6.2.16]
	at org.springframework.beans.factory.support.AbstractAutowireCapableBeanFactory.invokeInitMethods(AbstractAutowireCapableBeanFactory.java:1873) ~[spring-beans-6.2.16.jar:6.2.16]
	at org.springframework.beans.factory.support.AbstractAutowireCapableBeanFactory.initializeBean(AbstractAutowireCapableBeanFactory.java:1822) ~[spring-beans-6.2.16.jar:6.2.16]
	at org.springframework.beans.factory.support.AbstractAutowireCapableBeanFactory.doCreateBean(AbstractAutowireCapableBeanFactory.java:607) ~[spring-beans-6.2.16.jar:6.2.16]
	at org.springframework.beans.factory.support.AbstractAutowireCapableBeanFactory.createBean(AbstractAutowireCapableBeanFactory.java:529) ~[spring-beans-6.2.16.jar:6.2.16]
	at org.springframework.beans.factory.support.AbstractBeanFactory.lambda$doGetBean$0(AbstractBeanFactory.java:339) ~[spring-beans-6.2.16.jar:6.2.16]
	at org.springframework.beans.factory.support.DefaultSingletonBeanRegistry.getSingleton(DefaultSingletonBeanRegistry.java:373) ~[spring-beans-6.2.16.jar:6.2.16]
	at org.springframework.beans.factory.support.AbstractBeanFactory.doGetBean(AbstractBeanFactory.java:337) ~[spring-beans-6.2.16.jar:6.2.16]
	at org.springframework.beans.factory.support.AbstractBeanFactory.getBean(AbstractBeanFactory.java:207) ~[spring-beans-6.2.16.jar:6.2.16]
	at org.springframework.context.support.AbstractApplicationContext.finishBeanFactoryInitialization(AbstractApplicationContext.java:974) ~[spring-context-6.2.16.jar:6.2.16]
	at org.springframework.context.support.AbstractApplicationContext.refresh(AbstractApplicationContext.java:628) ~[spring-context-6.2.16.jar:6.2.16]
	at org.springframework.boot.web.servlet.context.ServletWebServerApplicationContext.refresh(ServletWebServerApplicationContext.java:146) ~[spring-boot-3.5.11.jar:3.5.11]
	at org.springframework.boot.SpringApplication.refresh(SpringApplication.java:752) ~[spring-boot-3.5.11.jar:3.5.11]
	at org.springframework.boot.SpringApplication.refreshContext(SpringApplication.java:439) ~[spring-boot-3.5.11.jar:3.5.11]
	at org.springframework.boot.SpringApplication.run(SpringApplication.java:318) ~[spring-boot-3.5.11.jar:3.5.11]
	at org.springframework.boot.SpringApplication.run(SpringApplication.java:1361) ~[spring-boot-3.5.11.jar:3.5.11]
	at org.springframework.boot.SpringApplication.run(SpringApplication.java:1350) ~[spring-boot-3.5.11.jar:3.5.11]
	at Project.back_end.BackEndApplication.main(BackEndApplication.java:26) ~[classes/:na]
Caused by: org.h2.jdbc.JdbcSQLIntegrityConstraintViolationException: NULL not allowed for column "CPF"; SQL statement:
insert into tb_user (name, phone, email, password, created_at) values ('augusto', '3455-2748', 'augustoleal@gmail.com', '$2a$10$FUqjW4DqmVcpl71736.16uIP5J8A/GODt9q.t7mgACkqMRVQDIky2', now()) [23502-232]
	at org.h2.message.DbException.getJdbcSQLException(DbException.java:520) ~[h2-2.3.232.jar:2.3.232]
	at org.h2.message.DbException.getJdbcSQLException(DbException.java:489) ~[h2-2.3.232.jar:2.3.232]
	at org.h2.message.DbException.get(DbException.java:223) ~[h2-2.3.232.jar:2.3.232]
	at org.h2.message.DbException.get(DbException.java:199) ~[h2-2.3.232.jar:2.3.232]
	at org.h2.table.Column.validateConvertUpdateSequence(Column.java:402) ~[h2-2.3.232.jar:2.3.232]
	at org.h2.table.Table.convertInsertRow(Table.java:963) ~[h2-2.3.232.jar:2.3.232]
	at org.h2.command.dml.Insert.insertRows(Insert.java:167) ~[h2-2.3.232.jar:2.3.232]
	at org.h2.command.dml.Insert.update(Insert.java:135) ~[h2-2.3.232.jar:2.3.232]
	at org.h2.command.dml.DataChangeStatement.update(DataChangeStatement.java:74) ~[h2-2.3.232.jar:2.3.232]
	at org.h2.command.CommandContainer.update(CommandContainer.java:139) ~[h2-2.3.232.jar:2.3.232]
	at org.h2.command.Command.executeUpdate(Command.java:304) ~[h2-2.3.232.jar:2.3.232]
	at org.h2.command.Command.executeUpdate(Command.java:248) ~[h2-2.3.232.jar:2.3.232]
	at org.h2.jdbc.JdbcStatement.executeInternal(JdbcStatement.java:262) ~[h2-2.3.232.jar:2.3.232]
	at org.h2.jdbc.JdbcStatement.execute(JdbcStatement.java:231) ~[h2-2.3.232.jar:2.3.232]
	at com.zaxxer.hikari.pool.ProxyStatement.execute(ProxyStatement.java:95) ~[HikariCP-6.3.3.jar:na]
	at com.zaxxer.hikari.pool.HikariProxyStatement.execute(HikariProxyStatement.java) ~[HikariCP-6.3.3.jar:na]
	at org.hibernate.tool.schema.internal.exec.GenerationTargetToDatabase.accept(GenerationTargetToDatabase.java:80) ~[hibernate-core-6.6.42.Final.jar:6.6.42.Final]
	... 38 common frames omitted

2026-05-30T17:33:38.514-03:00  WARN 31320 --- [main] o.h.t.s.i.ExceptionHandlerLoggedImpl     : GenerationTarget encountered exception accepting command : Error executing DDL "insert into tb_user (name, phone, email, password, created_at) values ('Claudio', '3425-1734', 'claudio@gmail.com', '$2a$10$FUqjW4DqmVcpl71736.16uIP5J8A/GODt9q.t7mgACkqMRVQDIky2', now())" via JDBC [NULL not allowed for column "CPF";]

org.hibernate.tool.schema.spi.CommandAcceptanceException: Error executing DDL "insert into tb_user (name, phone, email, password, created_at) values ('Claudio', '3425-1734', 'claudio@gmail.com', '$2a$10$FUqjW4DqmVcpl71736.16uIP5J8A/GODt9q.t7mgACkqMRVQDIky2', now())" via JDBC [NULL not allowed for column "CPF";]
	at org.hibernate.tool.schema.internal.exec.GenerationTargetToDatabase.accept(GenerationTargetToDatabase.java:94) ~[hibernate-core-6.6.42.Final.jar:6.6.42.Final]
	at org.hibernate.tool.schema.internal.Helper.applySqlString(Helper.java:233) ~[hibernate-core-6.6.42.Final.jar:6.6.42.Final]
	at org.hibernate.tool.schema.internal.Helper.applyScript(Helper.java:255) ~[hibernate-core-6.6.42.Final.jar:6.6.42.Final]
	at org.hibernate.tool.schema.internal.SchemaCreatorImpl.applyImportFiles(SchemaCreatorImpl.java:694) ~[hibernate-core-6.6.42.Final.jar:6.6.42.Final]
	at org.hibernate.tool.schema.internal.SchemaCreatorImpl.applyImportSources(SchemaCreatorImpl.java:597) ~[hibernate-core-6.6.42.Final.jar:6.6.42.Final]
	at org.hibernate.tool.schema.internal.SchemaCreatorImpl.performCreation(SchemaCreatorImpl.java:186) ~[hibernate-core-6.6.42.Final.jar:6.6.42.Final]
	at org.hibernate.tool.schema.internal.SchemaCreatorImpl.doCreation(SchemaCreatorImpl.java:144) ~[hibernate-core-6.6.42.Final.jar:6.6.42.Final]
	at org.hibernate.tool.schema.internal.SchemaCreatorImpl.doCreation(SchemaCreatorImpl.java:120) ~[hibernate-core-6.6.42.Final.jar:6.6.42.Final]
	at org.hibernate.tool.schema.spi.SchemaManagementToolCoordinator.performDatabaseAction(SchemaManagementToolCoordinator.java:250) ~[hibernate-core-6.6.42.Final.jar:6.6.42.Final]
	at org.hibernate.tool.schema.spi.SchemaManagementToolCoordinator.lambda$process$5(SchemaManagementToolCoordinator.java:144) ~[hibernate-core-6.6.42.Final.jar:6.6.42.Final]
	at java.base/java.util.HashMap.forEach(HashMap.java:1429) ~[na:na]
	at org.hibernate.tool.schema.spi.SchemaManagementToolCoordinator.process(SchemaManagementToolCoordinator.java:141) ~[hibernate-core-6.6.42.Final.jar:6.6.42.Final]
	at org.hibernate.boot.internal.SessionFactoryObserverForSchemaExport.sessionFactoryCreated(SessionFactoryObserverForSchemaExport.java:37) ~[hibernate-core-6.6.42.Final.jar:6.6.42.Final]
	at org.hibernate.internal.SessionFactoryObserverChain.sessionFactoryCreated(SessionFactoryObserverChain.java:35) ~[hibernate-core-6.6.42.Final.jar:6.6.42.Final]
	at org.hibernate.internal.SessionFactoryImpl.<init>(SessionFactoryImpl.java:324) ~[hibernate-core-6.6.42.Final.jar:6.6.42.Final]
	at org.hibernate.boot.internal.SessionFactoryBuilderImpl.build(SessionFactoryBuilderImpl.java:463) ~[hibernate-core-6.6.42.Final.jar:6.6.42.Final]
	at org.hibernate.jpa.boot.internal.EntityManagerFactoryBuilderImpl.build(EntityManagerFactoryBuilderImpl.java:1517) ~[hibernate-core-6.6.42.Final.jar:6.6.42.Final]
	at org.springframework.orm.jpa.vendor.SpringHibernateJpaPersistenceProvider.createContainerEntityManagerFactory(SpringHibernateJpaPersistenceProvider.java:66) ~[spring-orm-6.2.16.jar:6.2.16]
	at org.springframework.orm.jpa.LocalContainerEntityManagerFactoryBean.createNativeEntityManagerFactory(LocalContainerEntityManagerFactoryBean.java:388) ~[spring-orm-6.2.16.jar:6.2.16]
	at org.springframework.orm.jpa.AbstractEntityManagerFactoryBean.buildNativeEntityManagerFactory(AbstractEntityManagerFactoryBean.java:419) ~[spring-orm-6.2.16.jar:6.2.16]
	at org.springframework.orm.jpa.AbstractEntityManagerFactoryBean.afterPropertiesSet(AbstractEntityManagerFactoryBean.java:400) ~[spring-orm-6.2.16.jar:6.2.16]
	at org.springframework.orm.jpa.LocalContainerEntityManagerFactoryBean.afterPropertiesSet(LocalContainerEntityManagerFactoryBean.java:364) ~[spring-orm-6.2.16.jar:6.2.16]
	at org.springframework.beans.factory.support.AbstractAutowireCapableBeanFactory.invokeInitMethods(AbstractAutowireCapableBeanFactory.java:1873) ~[spring-beans-6.2.16.jar:6.2.16]
	at org.springframework.beans.factory.support.AbstractAutowireCapableBeanFactory.initializeBean(AbstractAutowireCapableBeanFactory.java:1822) ~[spring-beans-6.2.16.jar:6.2.16]
	at org.springframework.beans.factory.support.AbstractAutowireCapableBeanFactory.doCreateBean(AbstractAutowireCapableBeanFactory.java:607) ~[spring-beans-6.2.16.jar:6.2.16]
	at org.springframework.beans.factory.support.AbstractAutowireCapableBeanFactory.createBean(AbstractAutowireCapableBeanFactory.java:529) ~[spring-beans-6.2.16.jar:6.2.16]
	at org.springframework.beans.factory.support.AbstractBeanFactory.lambda$doGetBean$0(AbstractBeanFactory.java:339) ~[spring-beans-6.2.16.jar:6.2.16]
	at org.springframework.beans.factory.support.DefaultSingletonBeanRegistry.getSingleton(DefaultSingletonBeanRegistry.java:373) ~[spring-beans-6.2.16.jar:6.2.16]
	at org.springframework.beans.factory.support.AbstractBeanFactory.doGetBean(AbstractBeanFactory.java:337) ~[spring-beans-6.2.16.jar:6.2.16]
	at org.springframework.beans.factory.support.AbstractBeanFactory.getBean(AbstractBeanFactory.java:207) ~[spring-beans-6.2.16.jar:6.2.16]
	at org.springframework.context.support.AbstractApplicationContext.finishBeanFactoryInitialization(AbstractApplicationContext.java:974) ~[spring-context-6.2.16.jar:6.2.16]
	at org.springframework.context.support.AbstractApplicationContext.refresh(AbstractApplicationContext.java:628) ~[spring-context-6.2.16.jar:6.2.16]
	at org.springframework.boot.web.servlet.context.ServletWebServerApplicationContext.refresh(ServletWebServerApplicationContext.java:146) ~[spring-boot-3.5.11.jar:3.5.11]
	at org.springframework.boot.SpringApplication.refresh(SpringApplication.java:752) ~[spring-boot-3.5.11.jar:3.5.11]
	at org.springframework.boot.SpringApplication.refreshContext(SpringApplication.java:439) ~[spring-boot-3.5.11.jar:3.5.11]
	at org.springframework.boot.SpringApplication.run(SpringApplication.java:318) ~[spring-boot-3.5.11.jar:3.5.11]
	at org.springframework.boot.SpringApplication.run(SpringApplication.java:1361) ~[spring-boot-3.5.11.jar:3.5.11]
	at org.springframework.boot.SpringApplication.run(SpringApplication.java:1350) ~[spring-boot-3.5.11.jar:3.5.11]
	at Project.back_end.BackEndApplication.main(BackEndApplication.java:26) ~[classes/:na]
Caused by: org.h2.jdbc.JdbcSQLIntegrityConstraintViolationException: NULL not allowed for column "CPF"; SQL statement:
insert into tb_user (name, phone, email, password, created_at) values ('Claudio', '3425-1734', 'claudio@gmail.com', '$2a$10$FUqjW4DqmVcpl71736.16uIP5J8A/GODt9q.t7mgACkqMRVQDIky2', now()) [23502-232]
	at org.h2.message.DbException.getJdbcSQLException(DbException.java:520) ~[h2-2.3.232.jar:2.3.232]
	at org.h2.message.DbException.getJdbcSQLException(DbException.java:489) ~[h2-2.3.232.jar:2.3.232]
	at org.h2.message.DbException.get(DbException.java:223) ~[h2-2.3.232.jar:2.3.232]
	at org.h2.message.DbException.get(DbException.java:199) ~[h2-2.3.232.jar:2.3.232]
	at org.h2.table.Column.validateConvertUpdateSequence(Column.java:402) ~[h2-2.3.232.jar:2.3.232]
	at org.h2.table.Table.convertInsertRow(Table.java:963) ~[h2-2.3.232.jar:2.3.232]
	at org.h2.command.dml.Insert.insertRows(Insert.java:167) ~[h2-2.3.232.jar:2.3.232]
	at org.h2.command.dml.Insert.update(Insert.java:135) ~[h2-2.3.232.jar:2.3.232]
	at org.h2.command.dml.DataChangeStatement.update(DataChangeStatement.java:74) ~[h2-2.3.232.jar:2.3.232]
	at org.h2.command.CommandContainer.update(CommandContainer.java:139) ~[h2-2.3.232.jar:2.3.232]
	at org.h2.command.Command.executeUpdate(Command.java:304) ~[h2-2.3.232.jar:2.3.232]
	at org.h2.command.Command.executeUpdate(Command.java:248) ~[h2-2.3.232.jar:2.3.232]
	at org.h2.jdbc.JdbcStatement.executeInternal(JdbcStatement.java:262) ~[h2-2.3.232.jar:2.3.232]
	at org.h2.jdbc.JdbcStatement.execute(JdbcStatement.java:231) ~[h2-2.3.232.jar:2.3.232]
	at com.zaxxer.hikari.pool.ProxyStatement.execute(ProxyStatement.java:95) ~[HikariCP-6.3.3.jar:na]
	at com.zaxxer.hikari.pool.HikariProxyStatement.execute(HikariProxyStatement.java) ~[HikariCP-6.3.3.jar:na]
	at org.hibernate.tool.schema.internal.exec.GenerationTargetToDatabase.accept(GenerationTargetToDatabase.java:80) ~[hibernate-core-6.6.42.Final.jar:6.6.42.Final]
	... 38 common frames omitted

2026-05-30T17:33:38.516-03:00  WARN 31320 --- [main] o.h.t.s.i.ExceptionHandlerLoggedImpl     : GenerationTarget encountered exception accepting command : Error executing DDL "insert into tb_user_perfil(id_user, id_perfil) values (1, 1)" via JDBC [Referential integrity constraint violation: "FKEX75KNQTCYB5RVBOABI57DX2O: PUBLIC.TB_USER_PERFIL FOREIGN KEY(ID_USER) REFERENCES PUBLIC.TB_USER(ID) (CAST(1 AS BIGINT))";]

org.hibernate.tool.schema.spi.CommandAcceptanceException: Error executing DDL "insert into tb_user_perfil(id_user, id_perfil) values (1, 1)" via JDBC [Referential integrity constraint violation: "FKEX75KNQTCYB5RVBOABI57DX2O: PUBLIC.TB_USER_PERFIL FOREIGN KEY(ID_USER) REFERENCES PUBLIC.TB_USER(ID) (CAST(1 AS BIGINT))";]
	at org.hibernate.tool.schema.internal.exec.GenerationTargetToDatabase.accept(GenerationTargetToDatabase.java:94) ~[hibernate-core-6.6.42.Final.jar:6.6.42.Final]
	at org.hibernate.tool.schema.internal.Helper.applySqlString(Helper.java:233) ~[hibernate-core-6.6.42.Final.jar:6.6.42.Final]
	at org.hibernate.tool.schema.internal.Helper.applyScript(Helper.java:255) ~[hibernate-core-6.6.42.Final.jar:6.6.42.Final]
	at org.hibernate.tool.schema.internal.SchemaCreatorImpl.applyImportFiles(SchemaCreatorImpl.java:694) ~[hibernate-core-6.6.42.Final.jar:6.6.42.Final]
	at org.hibernate.tool.schema.internal.SchemaCreatorImpl.applyImportSources(SchemaCreatorImpl.java:597) ~[hibernate-core-6.6.42.Final.jar:6.6.42.Final]
	at org.hibernate.tool.schema.internal.SchemaCreatorImpl.performCreation(SchemaCreatorImpl.java:186) ~[hibernate-core-6.6.42.Final.jar:6.6.42.Final]
	at org.hibernate.tool.schema.internal.SchemaCreatorImpl.doCreation(SchemaCreatorImpl.java:144) ~[hibernate-core-6.6.42.Final.jar:6.6.42.Final]
	at org.hibernate.tool.schema.internal.SchemaCreatorImpl.doCreation(SchemaCreatorImpl.java:120) ~[hibernate-core-6.6.42.Final.jar:6.6.42.Final]
	at org.hibernate.tool.schema.spi.SchemaManagementToolCoordinator.performDatabaseAction(SchemaManagementToolCoordinator.java:250) ~[hibernate-core-6.6.42.Final.jar:6.6.42.Final]
	at org.hibernate.tool.schema.spi.SchemaManagementToolCoordinator.lambda$process$5(SchemaManagementToolCoordinator.java:144) ~[hibernate-core-6.6.42.Final.jar:6.6.42.Final]
	at java.base/java.util.HashMap.forEach(HashMap.java:1429) ~[na:na]
	at org.hibernate.tool.schema.spi.SchemaManagementToolCoordinator.process(SchemaManagementToolCoordinator.java:141) ~[hibernate-core-6.6.42.Final.jar:6.6.42.Final]
	at org.hibernate.boot.internal.SessionFactoryObserverForSchemaExport.sessionFactoryCreated(SessionFactoryObserverForSchemaExport.java:37) ~[hibernate-core-6.6.42.Final.jar:6.6.42.Final]
	at org.hibernate.internal.SessionFactoryObserverChain.sessionFactoryCreated(SessionFactoryObserverChain.java:35) ~[hibernate-core-6.6.42.Final.jar:6.6.42.Final]
	at org.hibernate.internal.SessionFactoryImpl.<init>(SessionFactoryImpl.java:324) ~[hibernate-core-6.6.42.Final.jar:6.6.42.Final]
	at org.hibernate.boot.internal.SessionFactoryBuilderImpl.build(SessionFactoryBuilderImpl.java:463) ~[hibernate-core-6.6.42.Final.jar:6.6.42.Final]
	at org.hibernate.jpa.boot.internal.EntityManagerFactoryBuilderImpl.build(EntityManagerFactoryBuilderImpl.java:1517) ~[hibernate-core-6.6.42.Final.jar:6.6.42.Final]
	at org.springframework.orm.jpa.vendor.SpringHibernateJpaPersistenceProvider.createContainerEntityManagerFactory(SpringHibernateJpaPersistenceProvider.java:66) ~[spring-orm-6.2.16.jar:6.2.16]
	at org.springframework.orm.jpa.LocalContainerEntityManagerFactoryBean.createNativeEntityManagerFactory(LocalContainerEntityManagerFactoryBean.java:388) ~[spring-orm-6.2.16.jar:6.2.16]
	at org.springframework.orm.jpa.AbstractEntityManagerFactoryBean.buildNativeEntityManagerFactory(AbstractEntityManagerFactoryBean.java:419) ~[spring-orm-6.2.16.jar:6.2.16]
	at org.springframework.orm.jpa.AbstractEntityManagerFactoryBean.afterPropertiesSet(AbstractEntityManagerFactoryBean.java:400) ~[spring-orm-6.2.16.jar:6.2.16]
	at org.springframework.orm.jpa.LocalContainerEntityManagerFactoryBean.afterPropertiesSet(LocalContainerEntityManagerFactoryBean.java:364) ~[spring-orm-6.2.16.jar:6.2.16]
	at org.springframework.beans.factory.support.AbstractAutowireCapableBeanFactory.invokeInitMethods(AbstractAutowireCapableBeanFactory.java:1873) ~[spring-beans-6.2.16.jar:6.2.16]
	at org.springframework.beans.factory.support.AbstractAutowireCapableBeanFactory.initializeBean(AbstractAutowireCapableBeanFactory.java:1822) ~[spring-beans-6.2.16.jar:6.2.16]
	at org.springframework.beans.factory.support.AbstractAutowireCapableBeanFactory.doCreateBean(AbstractAutowireCapableBeanFactory.java:607) ~[spring-beans-6.2.16.jar:6.2.16]
	at org.springframework.beans.factory.support.AbstractAutowireCapableBeanFactory.createBean(AbstractAutowireCapableBeanFactory.java:529) ~[spring-beans-6.2.16.jar:6.2.16]
	at org.springframework.beans.factory.support.AbstractBeanFactory.lambda$doGetBean$0(AbstractBeanFactory.java:339) ~[spring-beans-6.2.16.jar:6.2.16]
	at org.springframework.beans.factory.support.DefaultSingletonBeanRegistry.getSingleton(DefaultSingletonBeanRegistry.java:373) ~[spring-beans-6.2.16.jar:6.2.16]
	at org.springframework.beans.factory.support.AbstractBeanFactory.doGetBean(AbstractBeanFactory.java:337) ~[spring-beans-6.2.16.jar:6.2.16]
	at org.springframework.beans.factory.support.AbstractBeanFactory.getBean(AbstractBeanFactory.java:207) ~[spring-beans-6.2.16.jar:6.2.16]
	at org.springframework.context.support.AbstractApplicationContext.finishBeanFactoryInitialization(AbstractApplicationContext.java:974) ~[spring-context-6.2.16.jar:6.2.16]
	at org.springframework.context.support.AbstractApplicationContext.refresh(AbstractApplicationContext.java:628) ~[spring-context-6.2.16.jar:6.2.16]
	at org.springframework.boot.web.servlet.context.ServletWebServerApplicationContext.refresh(ServletWebServerApplicationContext.java:146) ~[spring-boot-3.5.11.jar:3.5.11]
	at org.springframework.boot.SpringApplication.refresh(SpringApplication.java:752) ~[spring-boot-3.5.11.jar:3.5.11]
	at org.springframework.boot.SpringApplication.refreshContext(SpringApplication.java:439) ~[spring-boot-3.5.11.jar:3.5.11]
	at org.springframework.boot.SpringApplication.run(SpringApplication.java:318) ~[spring-boot-3.5.11.jar:3.5.11]
	at org.springframework.boot.SpringApplication.run(SpringApplication.java:1361) ~[spring-boot-3.5.11.jar:3.5.11]
	at org.springframework.boot.SpringApplication.run(SpringApplication.java:1350) ~[spring-boot-3.5.11.jar:3.5.11]
	at Project.back_end.BackEndApplication.main(BackEndApplication.java:26) ~[classes/:na]
Caused by: org.h2.jdbc.JdbcSQLIntegrityConstraintViolationException: Referential integrity constraint violation: "FKEX75KNQTCYB5RVBOABI57DX2O: PUBLIC.TB_USER_PERFIL FOREIGN KEY(ID_USER) REFERENCES PUBLIC.TB_USER(ID) (CAST(1 AS BIGINT))"; SQL statement:
insert into tb_user_perfil(id_user, id_perfil) values (1, 1) [23506-232]
	at org.h2.message.DbException.getJdbcSQLException(DbException.java:520) ~[h2-2.3.232.jar:2.3.232]
	at org.h2.message.DbException.getJdbcSQLException(DbException.java:489) ~[h2-2.3.232.jar:2.3.232]
	at org.h2.message.DbException.get(DbException.java:223) ~[h2-2.3.232.jar:2.3.232]
	at org.h2.message.DbException.get(DbException.java:199) ~[h2-2.3.232.jar:2.3.232]
	at org.h2.constraint.ConstraintReferential.checkRowOwnTable(ConstraintReferential.java:308) ~[h2-2.3.232.jar:2.3.232]
	at org.h2.constraint.ConstraintReferential.checkRow(ConstraintReferential.java:249) ~[h2-2.3.232.jar:2.3.232]
	at org.h2.table.Table.fireConstraints(Table.java:1227) ~[h2-2.3.232.jar:2.3.232]
	at org.h2.table.Table.fireAfterRow(Table.java:1245) ~[h2-2.3.232.jar:2.3.232]
	at org.h2.command.dml.Insert.insertRows(Insert.java:188) ~[h2-2.3.232.jar:2.3.232]
	at org.h2.command.dml.Insert.update(Insert.java:135) ~[h2-2.3.232.jar:2.3.232]
	at org.h2.command.dml.DataChangeStatement.update(DataChangeStatement.java:74) ~[h2-2.3.232.jar:2.3.232]
	at org.h2.command.CommandContainer.update(CommandContainer.java:139) ~[h2-2.3.232.jar:2.3.232]
	at org.h2.command.Command.executeUpdate(Command.java:304) ~[h2-2.3.232.jar:2.3.232]
	at org.h2.command.Command.executeUpdate(Command.java:248) ~[h2-2.3.232.jar:2.3.232]
	at org.h2.jdbc.JdbcStatement.executeInternal(JdbcStatement.java:262) ~[h2-2.3.232.jar:2.3.232]
	at org.h2.jdbc.JdbcStatement.execute(JdbcStatement.java:231) ~[h2-2.3.232.jar:2.3.232]
	at com.zaxxer.hikari.pool.ProxyStatement.execute(ProxyStatement.java:95) ~[HikariCP-6.3.3.jar:na]
	at com.zaxxer.hikari.pool.HikariProxyStatement.execute(HikariProxyStatement.java) ~[HikariCP-6.3.3.jar:na]
	at org.hibernate.tool.schema.internal.exec.GenerationTargetToDatabase.accept(GenerationTargetToDatabase.java:80) ~[hibernate-core-6.6.42.Final.jar:6.6.42.Final]
	... 38 common frames omitted

2026-05-30T17:33:38.518-03:00  WARN 31320 --- [main] o.h.t.s.i.ExceptionHandlerLoggedImpl     : GenerationTarget encountered exception accepting command : Error executing DDL "insert into tb_user_perfil(id_user, id_perfil) values (2, 2)" via JDBC [Referential integrity constraint violation: "FKEX75KNQTCYB5RVBOABI57DX2O: PUBLIC.TB_USER_PERFIL FOREIGN KEY(ID_USER) REFERENCES PUBLIC.TB_USER(ID) (CAST(2 AS BIGINT))";]

org.hibernate.tool.schema.spi.CommandAcceptanceException: Error executing DDL "insert into tb_user_perfil(id_user, id_perfil) values (2, 2)" via JDBC [Referential integrity constraint violation: "FKEX75KNQTCYB5RVBOABI57DX2O: PUBLIC.TB_USER_PERFIL FOREIGN KEY(ID_USER) REFERENCES PUBLIC.TB_USER(ID) (CAST(2 AS BIGINT))";]
	at org.hibernate.tool.schema.internal.exec.GenerationTargetToDatabase.accept(GenerationTargetToDatabase.java:94) ~[hibernate-core-6.6.42.Final.jar:6.6.42.Final]
	at org.hibernate.tool.schema.internal.Helper.applySqlString(Helper.java:233) ~[hibernate-core-6.6.42.Final.jar:6.6.42.Final]
	at org.hibernate.tool.schema.internal.Helper.applyScript(Helper.java:255) ~[hibernate-core-6.6.42.Final.jar:6.6.42.Final]
	at org.hibernate.tool.schema.internal.SchemaCreatorImpl.applyImportFiles(SchemaCreatorImpl.java:694) ~[hibernate-core-6.6.42.Final.jar:6.6.42.Final]
	at org.hibernate.tool.schema.internal.SchemaCreatorImpl.applyImportSources(SchemaCreatorImpl.java:597) ~[hibernate-core-6.6.42.Final.jar:6.6.42.Final]
	at org.hibernate.tool.schema.internal.SchemaCreatorImpl.performCreation(SchemaCreatorImpl.java:186) ~[hibernate-core-6.6.42.Final.jar:6.6.42.Final]
	at org.hibernate.tool.schema.internal.SchemaCreatorImpl.doCreation(SchemaCreatorImpl.java:144) ~[hibernate-core-6.6.42.Final.jar:6.6.42.Final]
	at org.hibernate.tool.schema.internal.SchemaCreatorImpl.doCreation(SchemaCreatorImpl.java:120) ~[hibernate-core-6.6.42.Final.jar:6.6.42.Final]
	at org.hibernate.tool.schema.spi.SchemaManagementToolCoordinator.performDatabaseAction(SchemaManagementToolCoordinator.java:250) ~[hibernate-core-6.6.42.Final.jar:6.6.42.Final]
	at org.hibernate.tool.schema.spi.SchemaManagementToolCoordinator.lambda$process$5(SchemaManagementToolCoordinator.java:144) ~[hibernate-core-6.6.42.Final.jar:6.6.42.Final]
	at java.base/java.util.HashMap.forEach(HashMap.java:1429) ~[na:na]
	at org.hibernate.tool.schema.spi.SchemaManagementToolCoordinator.process(SchemaManagementToolCoordinator.java:141) ~[hibernate-core-6.6.42.Final.jar:6.6.42.Final]
	at org.hibernate.boot.internal.SessionFactoryObserverForSchemaExport.sessionFactoryCreated(SessionFactoryObserverForSchemaExport.java:37) ~[hibernate-core-6.6.42.Final.jar:6.6.42.Final]
	at org.hibernate.internal.SessionFactoryObserverChain.sessionFactoryCreated(SessionFactoryObserverChain.java:35) ~[hibernate-core-6.6.42.Final.jar:6.6.42.Final]
	at org.hibernate.internal.SessionFactoryImpl.<init>(SessionFactoryImpl.java:324) ~[hibernate-core-6.6.42.Final.jar:6.6.42.Final]
	at org.hibernate.boot.internal.SessionFactoryBuilderImpl.build(SessionFactoryBuilderImpl.java:463) ~[hibernate-core-6.6.42.Final.jar:6.6.42.Final]
	at org.hibernate.jpa.boot.internal.EntityManagerFactoryBuilderImpl.build(EntityManagerFactoryBuilderImpl.java:1517) ~[hibernate-core-6.6.42.Final.jar:6.6.42.Final]
	at org.springframework.orm.jpa.vendor.SpringHibernateJpaPersistenceProvider.createContainerEntityManagerFactory(SpringHibernateJpaPersistenceProvider.java:66) ~[spring-orm-6.2.16.jar:6.2.16]
	at org.springframework.orm.jpa.LocalContainerEntityManagerFactoryBean.createNativeEntityManagerFactory(LocalContainerEntityManagerFactoryBean.java:388) ~[spring-orm-6.2.16.jar:6.2.16]
	at org.springframework.orm.jpa.AbstractEntityManagerFactoryBean.buildNativeEntityManagerFactory(AbstractEntityManagerFactoryBean.java:419) ~[spring-orm-6.2.16.jar:6.2.16]
	at org.springframework.orm.jpa.AbstractEntityManagerFactoryBean.afterPropertiesSet(AbstractEntityManagerFactoryBean.java:400) ~[spring-orm-6.2.16.jar:6.2.16]
	at org.springframework.orm.jpa.LocalContainerEntityManagerFactoryBean.afterPropertiesSet(LocalContainerEntityManagerFactoryBean.java:364) ~[spring-orm-6.2.16.jar:6.2.16]
	at org.springframework.beans.factory.support.AbstractAutowireCapableBeanFactory.invokeInitMethods(AbstractAutowireCapableBeanFactory.java:1873) ~[spring-beans-6.2.16.jar:6.2.16]
	at org.springframework.beans.factory.support.AbstractAutowireCapableBeanFactory.initializeBean(AbstractAutowireCapableBeanFactory.java:1822) ~[spring-beans-6.2.16.jar:6.2.16]
	at org.springframework.beans.factory.support.AbstractAutowireCapableBeanFactory.doCreateBean(AbstractAutowireCapableBeanFactory.java:607) ~[spring-beans-6.2.16.jar:6.2.16]
	at org.springframework.beans.factory.support.AbstractAutowireCapableBeanFactory.createBean(AbstractAutowireCapableBeanFactory.java:529) ~[spring-beans-6.2.16.jar:6.2.16]
	at org.springframework.beans.factory.support.AbstractBeanFactory.lambda$doGetBean$0(AbstractBeanFactory.java:339) ~[spring-beans-6.2.16.jar:6.2.16]
	at org.springframework.beans.factory.support.DefaultSingletonBeanRegistry.getSingleton(DefaultSingletonBeanRegistry.java:373) ~[spring-beans-6.2.16.jar:6.2.16]
	at org.springframework.beans.factory.support.AbstractBeanFactory.doGetBean(AbstractBeanFactory.java:337) ~[spring-beans-6.2.16.jar:6.2.16]
	at org.springframework.beans.factory.support.AbstractBeanFactory.getBean(AbstractBeanFactory.java:207) ~[spring-beans-6.2.16.jar:6.2.16]
	at org.springframework.context.support.AbstractApplicationContext.finishBeanFactoryInitialization(AbstractApplicationContext.java:974) ~[spring-context-6.2.16.jar:6.2.16]
	at org.springframework.context.support.AbstractApplicationContext.refresh(AbstractApplicationContext.java:628) ~[spring-context-6.2.16.jar:6.2.16]
	at org.springframework.boot.web.servlet.context.ServletWebServerApplicationContext.refresh(ServletWebServerApplicationContext.java:146) ~[spring-boot-3.5.11.jar:3.5.11]
	at org.springframework.boot.SpringApplication.refresh(SpringApplication.java:752) ~[spring-boot-3.5.11.jar:3.5.11]
	at org.springframework.boot.SpringApplication.refreshContext(SpringApplication.java:439) ~[spring-boot-3.5.11.jar:3.5.11]
	at org.springframework.boot.SpringApplication.run(SpringApplication.java:318) ~[spring-boot-3.5.11.jar:3.5.11]
	at org.springframework.boot.SpringApplication.run(SpringApplication.java:1361) ~[spring-boot-3.5.11.jar:3.5.11]
	at org.springframework.boot.SpringApplication.run(SpringApplication.java:1350) ~[spring-boot-3.5.11.jar:3.5.11]
	at Project.back_end.BackEndApplication.main(BackEndApplication.java:26) ~[classes/:na]
Caused by: org.h2.jdbc.JdbcSQLIntegrityConstraintViolationException: Referential integrity constraint violation: "FKEX75KNQTCYB5RVBOABI57DX2O: PUBLIC.TB_USER_PERFIL FOREIGN KEY(ID_USER) REFERENCES PUBLIC.TB_USER(ID) (CAST(2 AS BIGINT))"; SQL statement:
insert into tb_user_perfil(id_user, id_perfil) values (2, 2) [23506-232]
	at org.h2.message.DbException.getJdbcSQLException(DbException.java:520) ~[h2-2.3.232.jar:2.3.232]
	at org.h2.message.DbException.getJdbcSQLException(DbException.java:489) ~[h2-2.3.232.jar:2.3.232]
	at org.h2.message.DbException.get(DbException.java:223) ~[h2-2.3.232.jar:2.3.232]
	at org.h2.message.DbException.get(DbException.java:199) ~[h2-2.3.232.jar:2.3.232]
	at org.h2.constraint.ConstraintReferential.checkRowOwnTable(ConstraintReferential.java:308) ~[h2-2.3.232.jar:2.3.232]
	at org.h2.constraint.ConstraintReferential.checkRow(ConstraintReferential.java:249) ~[h2-2.3.232.jar:2.3.232]
	at org.h2.table.Table.fireConstraints(Table.java:1227) ~[h2-2.3.232.jar:2.3.232]
	at org.h2.table.Table.fireAfterRow(Table.java:1245) ~[h2-2.3.232.jar:2.3.232]
	at org.h2.command.dml.Insert.insertRows(Insert.java:188) ~[h2-2.3.232.jar:2.3.232]
	at org.h2.command.dml.Insert.update(Insert.java:135) ~[h2-2.3.232.jar:2.3.232]
	at org.h2.command.dml.DataChangeStatement.update(DataChangeStatement.java:74) ~[h2-2.3.232.jar:2.3.232]
	at org.h2.command.CommandContainer.update(CommandContainer.java:139) ~[h2-2.3.232.jar:2.3.232]
	at org.h2.command.Command.executeUpdate(Command.java:304) ~[h2-2.3.232.jar:2.3.232]
	at org.h2.command.Command.executeUpdate(Command.java:248) ~[h2-2.3.232.jar:2.3.232]
	at org.h2.jdbc.JdbcStatement.executeInternal(JdbcStatement.java:262) ~[h2-2.3.232.jar:2.3.232]
	at org.h2.jdbc.JdbcStatement.execute(JdbcStatement.java:231) ~[h2-2.3.232.jar:2.3.232]
	at com.zaxxer.hikari.pool.ProxyStatement.execute(ProxyStatement.java:95) ~[HikariCP-6.3.3.jar:na]
	at com.zaxxer.hikari.pool.HikariProxyStatement.execute(HikariProxyStatement.java) ~[HikariCP-6.3.3.jar:na]
	at org.hibernate.tool.schema.internal.exec.GenerationTargetToDatabase.accept(GenerationTargetToDatabase.java:80) ~[hibernate-core-6.6.42.Final.jar:6.6.42.Final]
	... 38 common frames omitted

2026-05-30T17:33:38.519-03:00  WARN 31320 --- [main] o.h.t.s.i.ExceptionHandlerLoggedImpl     : GenerationTarget encountered exception accepting command : Error executing DDL "insert into tb_user_perfil(id_user, id_perfil) values (2, 3)" via JDBC [Referential integrity constraint violation: "FKEX75KNQTCYB5RVBOABI57DX2O: PUBLIC.TB_USER_PERFIL FOREIGN KEY(ID_USER) REFERENCES PUBLIC.TB_USER(ID) (CAST(2 AS BIGINT))";]

org.hibernate.tool.schema.spi.CommandAcceptanceException: Error executing DDL "insert into tb_user_perfil(id_user, id_perfil) values (2, 3)" via JDBC [Referential integrity constraint violation: "FKEX75KNQTCYB5RVBOABI57DX2O: PUBLIC.TB_USER_PERFIL FOREIGN KEY(ID_USER) REFERENCES PUBLIC.TB_USER(ID) (CAST(2 AS BIGINT))";]
	at org.hibernate.tool.schema.internal.exec.GenerationTargetToDatabase.accept(GenerationTargetToDatabase.java:94) ~[hibernate-core-6.6.42.Final.jar:6.6.42.Final]
	at org.hibernate.tool.schema.internal.Helper.applySqlString(Helper.java:233) ~[hibernate-core-6.6.42.Final.jar:6.6.42.Final]
	at org.hibernate.tool.schema.internal.Helper.applyScript(Helper.java:255) ~[hibernate-core-6.6.42.Final.jar:6.6.42.Final]
	at org.hibernate.tool.schema.internal.SchemaCreatorImpl.applyImportFiles(SchemaCreatorImpl.java:694) ~[hibernate-core-6.6.42.Final.jar:6.6.42.Final]
	at org.hibernate.tool.schema.internal.SchemaCreatorImpl.applyImportSources(SchemaCreatorImpl.java:597) ~[hibernate-core-6.6.42.Final.jar:6.6.42.Final]
	at org.hibernate.tool.schema.internal.SchemaCreatorImpl.performCreation(SchemaCreatorImpl.java:186) ~[hibernate-core-6.6.42.Final.jar:6.6.42.Final]
	at org.hibernate.tool.schema.internal.SchemaCreatorImpl.doCreation(SchemaCreatorImpl.java:144) ~[hibernate-core-6.6.42.Final.jar:6.6.42.Final]
	at org.hibernate.tool.schema.internal.SchemaCreatorImpl.doCreation(SchemaCreatorImpl.java:120) ~[hibernate-core-6.6.42.Final.jar:6.6.42.Final]
	at org.hibernate.tool.schema.spi.SchemaManagementToolCoordinator.performDatabaseAction(SchemaManagementToolCoordinator.java:250) ~[hibernate-core-6.6.42.Final.jar:6.6.42.Final]
	at org.hibernate.tool.schema.spi.SchemaManagementToolCoordinator.lambda$process$5(SchemaManagementToolCoordinator.java:144) ~[hibernate-core-6.6.42.Final.jar:6.6.42.Final]
	at java.base/java.util.HashMap.forEach(HashMap.java:1429) ~[na:na]
	at org.hibernate.tool.schema.spi.SchemaManagementToolCoordinator.process(SchemaManagementToolCoordinator.java:141) ~[hibernate-core-6.6.42.Final.jar:6.6.42.Final]
	at org.hibernate.boot.internal.SessionFactoryObserverForSchemaExport.sessionFactoryCreated(SessionFactoryObserverForSchemaExport.java:37) ~[hibernate-core-6.6.42.Final.jar:6.6.42.Final]
	at org.hibernate.internal.SessionFactoryObserverChain.sessionFactoryCreated(SessionFactoryObserverChain.java:35) ~[hibernate-core-6.6.42.Final.jar:6.6.42.Final]
	at org.hibernate.internal.SessionFactoryImpl.<init>(SessionFactoryImpl.java:324) ~[hibernate-core-6.6.42.Final.jar:6.6.42.Final]
	at org.hibernate.boot.internal.SessionFactoryBuilderImpl.build(SessionFactoryBuilderImpl.java:463) ~[hibernate-core-6.6.42.Final.jar:6.6.42.Final]
	at org.hibernate.jpa.boot.internal.EntityManagerFactoryBuilderImpl.build(EntityManagerFactoryBuilderImpl.java:1517) ~[hibernate-core-6.6.42.Final.jar:6.6.42.Final]
	at org.springframework.orm.jpa.vendor.SpringHibernateJpaPersistenceProvider.createContainerEntityManagerFactory(SpringHibernateJpaPersistenceProvider.java:66) ~[spring-orm-6.2.16.jar:6.2.16]
	at org.springframework.orm.jpa.LocalContainerEntityManagerFactoryBean.createNativeEntityManagerFactory(LocalContainerEntityManagerFactoryBean.java:388) ~[spring-orm-6.2.16.jar:6.2.16]
	at org.springframework.orm.jpa.AbstractEntityManagerFactoryBean.buildNativeEntityManagerFactory(AbstractEntityManagerFactoryBean.java:419) ~[spring-orm-6.2.16.jar:6.2.16]
	at org.springframework.orm.jpa.AbstractEntityManagerFactoryBean.afterPropertiesSet(AbstractEntityManagerFactoryBean.java:400) ~[spring-orm-6.2.16.jar:6.2.16]
	at org.springframework.orm.jpa.LocalContainerEntityManagerFactoryBean.afterPropertiesSet(LocalContainerEntityManagerFactoryBean.java:364) ~[spring-orm-6.2.16.jar:6.2.16]
	at org.springframework.beans.factory.support.AbstractAutowireCapableBeanFactory.invokeInitMethods(AbstractAutowireCapableBeanFactory.java:1873) ~[spring-beans-6.2.16.jar:6.2.16]
	at org.springframework.beans.factory.support.AbstractAutowireCapableBeanFactory.initializeBean(AbstractAutowireCapableBeanFactory.java:1822) ~[spring-beans-6.2.16.jar:6.2.16]
	at org.springframework.beans.factory.support.AbstractAutowireCapableBeanFactory.doCreateBean(AbstractAutowireCapableBeanFactory.java:607) ~[spring-beans-6.2.16.jar:6.2.16]
	at org.springframework.beans.factory.support.AbstractAutowireCapableBeanFactory.createBean(AbstractAutowireCapableBeanFactory.java:529) ~[spring-beans-6.2.16.jar:6.2.16]
	at org.springframework.beans.factory.support.AbstractBeanFactory.lambda$doGetBean$0(AbstractBeanFactory.java:339) ~[spring-beans-6.2.16.jar:6.2.16]
	at org.springframework.beans.factory.support.DefaultSingletonBeanRegistry.getSingleton(DefaultSingletonBeanRegistry.java:373) ~[spring-beans-6.2.16.jar:6.2.16]
	at org.springframework.beans.factory.support.AbstractBeanFactory.doGetBean(AbstractBeanFactory.java:337) ~[spring-beans-6.2.16.jar:6.2.16]
	at org.springframework.beans.factory.support.AbstractBeanFactory.getBean(AbstractBeanFactory.java:207) ~[spring-beans-6.2.16.jar:6.2.16]
	at org.springframework.context.support.AbstractApplicationContext.finishBeanFactoryInitialization(AbstractApplicationContext.java:974) ~[spring-context-6.2.16.jar:6.2.16]
	at org.springframework.context.support.AbstractApplicationContext.refresh(AbstractApplicationContext.java:628) ~[spring-context-6.2.16.jar:6.2.16]
	at org.springframework.boot.web.servlet.context.ServletWebServerApplicationContext.refresh(ServletWebServerApplicationContext.java:146) ~[spring-boot-3.5.11.jar:3.5.11]
	at org.springframework.boot.SpringApplication.refresh(SpringApplication.java:752) ~[spring-boot-3.5.11.jar:3.5.11]
	at org.springframework.boot.SpringApplication.refreshContext(SpringApplication.java:439) ~[spring-boot-3.5.11.jar:3.5.11]
	at org.springframework.boot.SpringApplication.run(SpringApplication.java:318) ~[spring-boot-3.5.11.jar:3.5.11]
	at org.springframework.boot.SpringApplication.run(SpringApplication.java:1361) ~[spring-boot-3.5.11.jar:3.5.11]
	at org.springframework.boot.SpringApplication.run(SpringApplication.java:1350) ~[spring-boot-3.5.11.jar:3.5.11]
	at Project.back_end.BackEndApplication.main(BackEndApplication.java:26) ~[classes/:na]
Caused by: org.h2.jdbc.JdbcSQLIntegrityConstraintViolationException: Referential integrity constraint violation: "FKEX75KNQTCYB5RVBOABI57DX2O: PUBLIC.TB_USER_PERFIL FOREIGN KEY(ID_USER) REFERENCES PUBLIC.TB_USER(ID) (CAST(2 AS BIGINT))"; SQL statement:
insert into tb_user_perfil(id_user, id_perfil) values (2, 3) [23506-232]
	at org.h2.message.DbException.getJdbcSQLException(DbException.java:520) ~[h2-2.3.232.jar:2.3.232]
	at org.h2.message.DbException.getJdbcSQLException(DbException.java:489) ~[h2-2.3.232.jar:2.3.232]
	at org.h2.message.DbException.get(DbException.java:223) ~[h2-2.3.232.jar:2.3.232]
	at org.h2.message.DbException.get(DbException.java:199) ~[h2-2.3.232.jar:2.3.232]
	at org.h2.constraint.ConstraintReferential.checkRowOwnTable(ConstraintReferential.java:308) ~[h2-2.3.232.jar:2.3.232]
	at org.h2.constraint.ConstraintReferential.checkRow(ConstraintReferential.java:249) ~[h2-2.3.232.jar:2.3.232]
	at org.h2.table.Table.fireConstraints(Table.java:1227) ~[h2-2.3.232.jar:2.3.232]
	at org.h2.table.Table.fireAfterRow(Table.java:1245) ~[h2-2.3.232.jar:2.3.232]
	at org.h2.command.dml.Insert.insertRows(Insert.java:188) ~[h2-2.3.232.jar:2.3.232]
	at org.h2.command.dml.Insert.update(Insert.java:135) ~[h2-2.3.232.jar:2.3.232]
	at org.h2.command.dml.DataChangeStatement.update(DataChangeStatement.java:74) ~[h2-2.3.232.jar:2.3.232]
	at org.h2.command.CommandContainer.update(CommandContainer.java:139) ~[h2-2.3.232.jar:2.3.232]
	at org.h2.command.Command.executeUpdate(Command.java:304) ~[h2-2.3.232.jar:2.3.232]
	at org.h2.command.Command.executeUpdate(Command.java:248) ~[h2-2.3.232.jar:2.3.232]
	at org.h2.jdbc.JdbcStatement.executeInternal(JdbcStatement.java:262) ~[h2-2.3.232.jar:2.3.232]
	at org.h2.jdbc.JdbcStatement.execute(JdbcStatement.java:231) ~[h2-2.3.232.jar:2.3.232]
	at com.zaxxer.hikari.pool.ProxyStatement.execute(ProxyStatement.java:95) ~[HikariCP-6.3.3.jar:na]
	at com.zaxxer.hikari.pool.HikariProxyStatement.execute(HikariProxyStatement.java) ~[HikariCP-6.3.3.jar:na]
	at org.hibernate.tool.schema.internal.exec.GenerationTargetToDatabase.accept(GenerationTargetToDatabase.java:80) ~[hibernate-core-6.6.42.Final.jar:6.6.42.Final]
	... 38 common frames omitted

2026-05-30T17:33:38.522-03:00  INFO 31320 --- [main] j.LocalContainerEntityManagerFactoryBean : Initialized JPA EntityManagerFactory for persistence unit 'default'
2026-05-30T17:33:38.772-03:00  INFO 31320 --- [main] o.s.d.j.r.query.QueryEnhancerFactory     : Hibernate is in classpath; If applicable, HQL parser will be used.
2026-05-30T17:33:38.968-03:00  WARN 31320 --- [main] JpaBaseConfiguration$JpaWebConfiguration : spring.jpa.open-in-view is enabled by default. Therefore, database queries may be performed during view rendering. Explicitly configure spring.jpa.open-in-view to disable this warning
2026-05-30T17:33:39.244-03:00  INFO 31320 --- [main] r$InitializeUserDetailsManagerConfigurer : Global AuthenticationManager configured with UserDetailsService bean with name userService
2026-05-30T17:33:39.319-03:00 DEBUG 31320 --- [main] o.s.s.web.DefaultSecurityFilterChain     : Will secure any request with filters: DisableEncodeUrlFilter, WebAsyncManagerIntegrationFilter, SecurityContextHolderFilter, HeaderWriterFilter, CorsFilter, LogoutFilter, BasicAuthenticationFilter, RequestCacheAwareFilter, SecurityContextHolderAwareRequestFilter, AnonymousAuthenticationFilter, SessionManagementFilter, ExceptionTranslationFilter, AuthorizationFilter
2026-05-30T17:33:39.485-03:00  INFO 31320 --- [main] o.s.b.a.h2.H2ConsoleAutoConfiguration    : H2 console available at '/h2-console'. Database available at 'jdbc:h2:mem:testdb'
2026-05-30T17:33:39.703-03:00  INFO 31320 --- [main] o.s.b.w.embedded.tomcat.TomcatWebServer  : Tomcat started on port 8080 (http) with context path '/'
2026-05-30T17:33:39.711-03:00  INFO 31320 --- [main] Project.back_end.BackEndApplication      : Started BackEndApplication in 4.235 seconds (process running for 4.504)
2026-05-30T17:33:39.713-03:00  WARN 31320 --- [main] o.s.core.events.SpringDocAppInitializer  : SpringDoc /v3/api-docs endpoint is enabled by default. To disable it in production, set the property 'springdoc.api-docs.enabled=false'
2026-05-30T17:33:39.714-03:00  WARN 31320 --- [main] o.s.core.events.SpringDocAppInitializer  : SpringDoc /swagger-ui.html endpoint is enabled by default. To disable it in production, set the property 'springdoc.swagger-ui.enabled=false'
2026-05-30T17:36:18.822-03:00  INFO 31320 --- [http-nio-8080-exec-3] o.a.c.c.C.[Tomcat].[localhost].[/]       : Initializing Spring DispatcherServlet 'dispatcherServlet'
2026-05-30T17:36:18.822-03:00  INFO 31320 --- [http-nio-8080-exec-3] o.s.web.servlet.DispatcherServlet        : Initializing Servlet 'dispatcherServlet'
2026-05-30T17:36:18.823-03:00  INFO 31320 --- [http-nio-8080-exec-3] o.s.web.servlet.DispatcherServlet        : Completed initialization in 1 ms
2026-05-30T17:36:18.834-03:00 DEBUG 31320 --- [http-nio-8080-exec-3] o.s.security.web.FilterChainProxy        : Securing GET /auth/health
2026-05-30T17:36:18.839-03:00 DEBUG 31320 --- [http-nio-8080-exec-3] o.s.s.w.a.AnonymousAuthenticationFilter  : Set SecurityContextHolder to anonymous SecurityContext
2026-05-30T17:36:18.841-03:00 DEBUG 31320 --- [http-nio-8080-exec-3] o.s.security.web.FilterChainProxy        : Secured GET /auth/health
2026-05-30T17:37:13.527-03:00 DEBUG 31320 --- [http-nio-8080-exec-4] o.s.security.web.FilterChainProxy        : Securing GET /auth/login
2026-05-30T17:37:13.729-03:00 DEBUG 31320 --- [http-nio-8080-exec-4] o.s.s.a.dao.DaoAuthenticationProvider    : Failed to find user 'augustoleal@gmail.com'
2026-05-30T17:37:13.732-03:00 DEBUG 31320 --- [http-nio-8080-exec-4] o.s.s.authentication.ProviderManager     : Authentication failed with provider DaoAuthenticationProvider since Usuário inexistente ou senha inválida
2026-05-30T17:37:13.732-03:00 DEBUG 31320 --- [http-nio-8080-exec-4] o.s.s.authentication.ProviderManager     : Denying authentication since all attempted providers failed
2026-05-30T17:37:13.732-03:00 DEBUG 31320 --- [http-nio-8080-exec-4] o.s.s.w.a.www.BasicAuthenticationFilter  : Failed to process authentication request

org.springframework.security.authentication.BadCredentialsException: Usuário inexistente ou senha inválida
	at org.springframework.security.authentication.dao.AbstractUserDetailsAuthenticationProvider.authenticate(AbstractUserDetailsAuthenticationProvider.java:144) ~[spring-security-core-6.5.8.jar:6.5.8]
	at org.springframework.security.authentication.ProviderManager.authenticate(ProviderManager.java:182) ~[spring-security-core-6.5.8.jar:6.5.8]
	at org.springframework.security.authentication.ProviderManager.authenticate(ProviderManager.java:214) ~[spring-security-core-6.5.8.jar:6.5.8]
	at org.springframework.security.web.authentication.www.BasicAuthenticationFilter.doFilterInternal(BasicAuthenticationFilter.java:187) ~[spring-security-web-6.5.8.jar:6.5.8]
	at org.springframework.web.filter.OncePerRequestFilter.doFilter(OncePerRequestFilter.java:116) ~[spring-web-6.2.16.jar:6.2.16]
	at org.springframework.security.web.FilterChainProxy$VirtualFilterChain.doFilter(FilterChainProxy.java:374) ~[spring-security-web-6.5.8.jar:6.5.8]
	at org.springframework.security.web.authentication.logout.LogoutFilter.doFilter(LogoutFilter.java:107) ~[spring-security-web-6.5.8.jar:6.5.8]
	at org.springframework.security.web.authentication.logout.LogoutFilter.doFilter(LogoutFilter.java:93) ~[spring-security-web-6.5.8.jar:6.5.8]
	at org.springframework.security.web.FilterChainProxy$VirtualFilterChain.doFilter(FilterChainProxy.java:374) ~[spring-security-web-6.5.8.jar:6.5.8]
	at org.springframework.web.filter.CorsFilter.doFilterInternal(CorsFilter.java:91) ~[spring-web-6.2.16.jar:6.2.16]
	at org.springframework.web.filter.OncePerRequestFilter.doFilter(OncePerRequestFilter.java:116) ~[spring-web-6.2.16.jar:6.2.16]
	at org.springframework.security.web.FilterChainProxy$VirtualFilterChain.doFilter(FilterChainProxy.java:374) ~[spring-security-web-6.5.8.jar:6.5.8]
	at org.springframework.security.web.header.HeaderWriterFilter.doHeadersAfter(HeaderWriterFilter.java:90) ~[spring-security-web-6.5.8.jar:6.5.8]
	at org.springframework.security.web.header.HeaderWriterFilter.doFilterInternal(HeaderWriterFilter.java:75) ~[spring-security-web-6.5.8.jar:6.5.8]
	at org.springframework.web.filter.OncePerRequestFilter.doFilter(OncePerRequestFilter.java:116) ~[spring-web-6.2.16.jar:6.2.16]
	at org.springframework.security.web.FilterChainProxy$VirtualFilterChain.doFilter(FilterChainProxy.java:374) ~[spring-security-web-6.5.8.jar:6.5.8]
	at org.springframework.security.web.context.SecurityContextHolderFilter.doFilter(SecurityContextHolderFilter.java:82) ~[spring-security-web-6.5.8.jar:6.5.8]
	at org.springframework.security.web.context.SecurityContextHolderFilter.doFilter(SecurityContextHolderFilter.java:69) ~[spring-security-web-6.5.8.jar:6.5.8]
	at org.springframework.security.web.FilterChainProxy$VirtualFilterChain.doFilter(FilterChainProxy.java:374) ~[spring-security-web-6.5.8.jar:6.5.8]
	at org.springframework.security.web.context.request.async.WebAsyncManagerIntegrationFilter.doFilterInternal(WebAsyncManagerIntegrationFilter.java:62) ~[spring-security-web-6.5.8.jar:6.5.8]
	at org.springframework.web.filter.OncePerRequestFilter.doFilter(OncePerRequestFilter.java:116) ~[spring-web-6.2.16.jar:6.2.16]
	at org.springframework.security.web.FilterChainProxy$VirtualFilterChain.doFilter(FilterChainProxy.java:374) ~[spring-security-web-6.5.8.jar:6.5.8]
	at org.springframework.security.web.session.DisableEncodeUrlFilter.doFilterInternal(DisableEncodeUrlFilter.java:42) ~[spring-security-web-6.5.8.jar:6.5.8]
	at org.springframework.web.filter.OncePerRequestFilter.doFilter(OncePerRequestFilter.java:116) ~[spring-web-6.2.16.jar:6.2.16]
	at org.springframework.security.web.FilterChainProxy$VirtualFilterChain.doFilter(FilterChainProxy.java:374) ~[spring-security-web-6.5.8.jar:6.5.8]
	at org.springframework.security.web.FilterChainProxy.doFilterInternal(FilterChainProxy.java:233) ~[spring-security-web-6.5.8.jar:6.5.8]
	at org.springframework.security.web.FilterChainProxy.doFilter(FilterChainProxy.java:191) ~[spring-security-web-6.5.8.jar:6.5.8]
	at org.springframework.web.filter.CompositeFilter$VirtualFilterChain.doFilter(CompositeFilter.java:113) ~[spring-web-6.2.16.jar:6.2.16]
	at org.springframework.web.filter.ServletRequestPathFilter.doFilter(ServletRequestPathFilter.java:52) ~[spring-web-6.2.16.jar:6.2.16]
	at org.springframework.web.filter.CompositeFilter$VirtualFilterChain.doFilter(CompositeFilter.java:113) ~[spring-web-6.2.16.jar:6.2.16]
	at org.springframework.web.filter.CompositeFilter.doFilter(CompositeFilter.java:74) ~[spring-web-6.2.16.jar:6.2.16]
	at org.springframework.security.config.annotation.web.configuration.WebSecurityConfiguration$CompositeFilterChainProxy.doFilter(WebSecurityConfiguration.java:319) ~[spring-security-config-6.5.8.jar:6.5.8]
	at org.springframework.web.filter.CompositeFilter$VirtualFilterChain.doFilter(CompositeFilter.java:113) ~[spring-web-6.2.16.jar:6.2.16]
	at org.springframework.web.servlet.handler.HandlerMappingIntrospector.lambda$createCacheFilter$4(HandlerMappingIntrospector.java:267) ~[spring-webmvc-6.2.16.jar:6.2.16]
	at org.springframework.web.filter.CompositeFilter$VirtualFilterChain.doFilter(CompositeFilter.java:113) ~[spring-web-6.2.16.jar:6.2.16]
	at org.springframework.web.filter.CompositeFilter.doFilter(CompositeFilter.java:74) ~[spring-web-6.2.16.jar:6.2.16]
	at org.springframework.security.config.annotation.web.configuration.WebMvcSecurityConfiguration$CompositeFilterChainProxy.doFilter(WebMvcSecurityConfiguration.java:240) ~[spring-security-config-6.5.8.jar:6.5.8]
	at org.springframework.web.filter.DelegatingFilterProxy.invokeDelegate(DelegatingFilterProxy.java:362) ~[spring-web-6.2.16.jar:6.2.16]
	at org.springframework.web.filter.DelegatingFilterProxy.doFilter(DelegatingFilterProxy.java:278) ~[spring-web-6.2.16.jar:6.2.16]
	at org.apache.catalina.core.ApplicationFilterChain.internalDoFilter(ApplicationFilterChain.java:162) ~[tomcat-embed-core-10.1.52.jar:10.1.52]
	at org.apache.catalina.core.ApplicationFilterChain.doFilter(ApplicationFilterChain.java:138) ~[tomcat-embed-core-10.1.52.jar:10.1.52]
	at org.springframework.web.filter.RequestContextFilter.doFilterInternal(RequestContextFilter.java:100) ~[spring-web-6.2.16.jar:6.2.16]
	at org.springframework.web.filter.OncePerRequestFilter.doFilter(OncePerRequestFilter.java:116) ~[spring-web-6.2.16.jar:6.2.16]
	at org.apache.catalina.core.ApplicationFilterChain.internalDoFilter(ApplicationFilterChain.java:162) ~[tomcat-embed-core-10.1.52.jar:10.1.52]
	at org.apache.catalina.core.ApplicationFilterChain.doFilter(ApplicationFilterChain.java:138) ~[tomcat-embed-core-10.1.52.jar:10.1.52]
	at org.springframework.web.filter.FormContentFilter.doFilterInternal(FormContentFilter.java:93) ~[spring-web-6.2.16.jar:6.2.16]
	at org.springframework.web.filter.OncePerRequestFilter.doFilter(OncePerRequestFilter.java:116) ~[spring-web-6.2.16.jar:6.2.16]
	at org.apache.catalina.core.ApplicationFilterChain.internalDoFilter(ApplicationFilterChain.java:162) ~[tomcat-embed-core-10.1.52.jar:10.1.52]
	at org.apache.catalina.core.ApplicationFilterChain.doFilter(ApplicationFilterChain.java:138) ~[tomcat-embed-core-10.1.52.jar:10.1.52]
	at org.springframework.web.filter.CharacterEncodingFilter.doFilterInternal(CharacterEncodingFilter.java:201) ~[spring-web-6.2.16.jar:6.2.16]
	at org.springframework.web.filter.OncePerRequestFilter.doFilter(OncePerRequestFilter.java:116) ~[spring-web-6.2.16.jar:6.2.16]
	at org.apache.catalina.core.ApplicationFilterChain.internalDoFilter(ApplicationFilterChain.java:162) ~[tomcat-embed-core-10.1.52.jar:10.1.52]
	at org.apache.catalina.core.ApplicationFilterChain.doFilter(ApplicationFilterChain.java:138) ~[tomcat-embed-core-10.1.52.jar:10.1.52]
	at org.apache.catalina.core.StandardWrapperValve.invoke(StandardWrapperValve.java:165) ~[tomcat-embed-core-10.1.52.jar:10.1.52]
	at org.apache.catalina.core.StandardContextValve.invoke(StandardContextValve.java:88) ~[tomcat-embed-core-10.1.52.jar:10.1.52]
	at org.apache.catalina.authenticator.AuthenticatorBase.invoke(AuthenticatorBase.java:492) ~[tomcat-embed-core-10.1.52.jar:10.1.52]
	at org.apache.catalina.core.StandardHostValve.invoke(StandardHostValve.java:113) ~[tomcat-embed-core-10.1.52.jar:10.1.52]
	at org.apache.catalina.valves.ErrorReportValve.invoke(ErrorReportValve.java:83) ~[tomcat-embed-core-10.1.52.jar:10.1.52]
	at org.apache.catalina.core.StandardEngineValve.invoke(StandardEngineValve.java:72) ~[tomcat-embed-core-10.1.52.jar:10.1.52]
	at org.apache.catalina.connector.CoyoteAdapter.service(CoyoteAdapter.java:342) ~[tomcat-embed-core-10.1.52.jar:10.1.52]
	at org.apache.coyote.http11.Http11Processor.service(Http11Processor.java:399) ~[tomcat-embed-core-10.1.52.jar:10.1.52]
	at org.apache.coyote.AbstractProcessorLight.process(AbstractProcessorLight.java:63) ~[tomcat-embed-core-10.1.52.jar:10.1.52]
	at org.apache.coyote.AbstractProtocol$ConnectionHandler.process(AbstractProtocol.java:903) ~[tomcat-embed-core-10.1.52.jar:10.1.52]
	at org.apache.tomcat.util.net.NioEndpoint$SocketProcessor.doRun(NioEndpoint.java:1775) ~[tomcat-embed-core-10.1.52.jar:10.1.52]
	at org.apache.tomcat.util.net.SocketProcessorBase.run(SocketProcessorBase.java:52) ~[tomcat-embed-core-10.1.52.jar:10.1.52]
	at org.apache.tomcat.util.threads.ThreadPoolExecutor.runWorker(ThreadPoolExecutor.java:973) ~[tomcat-embed-core-10.1.52.jar:10.1.52]
	at org.apache.tomcat.util.threads.ThreadPoolExecutor$Worker.run(ThreadPoolExecutor.java:491) ~[tomcat-embed-core-10.1.52.jar:10.1.52]
	at org.apache.tomcat.util.threads.TaskThread$WrappingRunnable.run(TaskThread.java:63) ~[tomcat-embed-core-10.1.52.jar:10.1.52]
	at java.base/java.lang.Thread.run(Thread.java:1583) ~[na:na]

2026-05-30T17:37:13.734-03:00 DEBUG 31320 --- [http-nio-8080-exec-4] s.w.a.DelegatingAuthenticationEntryPoint : Trying to match using RequestHeaderRequestMatcher [expectedHeaderName=X-Requested-With, expectedHeaderValue=XMLHttpRequest]
2026-05-30T17:37:13.734-03:00 DEBUG 31320 --- [http-nio-8080-exec-4] s.w.a.DelegatingAuthenticationEntryPoint : No match found. Using default entry point org.springframework.security.web.authentication.www.BasicAuthenticationEntryPoint@20f35ec2
2026-05-30T17:37:13.739-03:00 DEBUG 31320 --- [http-nio-8080-exec-4] o.s.security.web.FilterChainProxy        : Securing GET /error
2026-05-30T17:37:13.740-03:00 DEBUG 31320 --- [http-nio-8080-exec-4] o.s.s.w.a.AnonymousAuthenticationFilter  : Set SecurityContextHolder to anonymous SecurityContext
2026-05-30T17:37:13.741-03:00 DEBUG 31320 --- [http-nio-8080-exec-4] s.w.a.DelegatingAuthenticationEntryPoint : Trying to match using RequestHeaderRequestMatcher [expectedHeaderName=X-Requested-With, expectedHeaderValue=XMLHttpRequest]
2026-05-30T17:37:13.741-03:00 DEBUG 31320 --- [http-nio-8080-exec-4] s.w.a.DelegatingAuthenticationEntryPoint : No match found. Using default entry point org.springframework.security.web.authentication.www.BasicAuthenticationEntryPoint@20f35ec2
2026-05-30T17:37:53.445-03:00 DEBUG 31320 --- [http-nio-8080-exec-5] o.s.security.web.FilterChainProxy        : Securing GET /auth/login
2026-05-30T17:37:53.503-03:00 DEBUG 31320 --- [http-nio-8080-exec-5] o.s.s.a.dao.DaoAuthenticationProvider    : Failed to find user 'augustoleal@gmail.com'
2026-05-30T17:37:53.503-03:00 DEBUG 31320 --- [http-nio-8080-exec-5] o.s.s.authentication.ProviderManager     : Authentication failed with provider DaoAuthenticationProvider since Usuário inexistente ou senha inválida
2026-05-30T17:37:53.503-03:00 DEBUG 31320 --- [http-nio-8080-exec-5] o.s.s.authentication.ProviderManager     : Denying authentication since all attempted providers failed
2026-05-30T17:37:53.503-03:00 DEBUG 31320 --- [http-nio-8080-exec-5] o.s.s.w.a.www.BasicAuthenticationFilter  : Failed to process authentication request

org.springframework.security.authentication.BadCredentialsException: Usuário inexistente ou senha inválida
	at org.springframework.security.authentication.dao.AbstractUserDetailsAuthenticationProvider.authenticate(AbstractUserDetailsAuthenticationProvider.java:144) ~[spring-security-core-6.5.8.jar:6.5.8]
	at org.springframework.security.authentication.ProviderManager.authenticate(ProviderManager.java:182) ~[spring-security-core-6.5.8.jar:6.5.8]
	at org.springframework.security.authentication.ProviderManager.authenticate(ProviderManager.java:214) ~[spring-security-core-6.5.8.jar:6.5.8]
	at org.springframework.security.web.authentication.www.BasicAuthenticationFilter.doFilterInternal(BasicAuthenticationFilter.java:187) ~[spring-security-web-6.5.8.jar:6.5.8]
	at org.springframework.web.filter.OncePerRequestFilter.doFilter(OncePerRequestFilter.java:116) ~[spring-web-6.2.16.jar:6.2.16]
	at org.springframework.security.web.FilterChainProxy$VirtualFilterChain.doFilter(FilterChainProxy.java:374) ~[spring-security-web-6.5.8.jar:6.5.8]
	at org.springframework.security.web.authentication.logout.LogoutFilter.doFilter(LogoutFilter.java:107) ~[spring-security-web-6.5.8.jar:6.5.8]
	at org.springframework.security.web.authentication.logout.LogoutFilter.doFilter(LogoutFilter.java:93) ~[spring-security-web-6.5.8.jar:6.5.8]
	at org.springframework.security.web.FilterChainProxy$VirtualFilterChain.doFilter(FilterChainProxy.java:374) ~[spring-security-web-6.5.8.jar:6.5.8]
	at org.springframework.web.filter.CorsFilter.doFilterInternal(CorsFilter.java:91) ~[spring-web-6.2.16.jar:6.2.16]
	at org.springframework.web.filter.OncePerRequestFilter.doFilter(OncePerRequestFilter.java:116) ~[spring-web-6.2.16.jar:6.2.16]
	at org.springframework.security.web.FilterChainProxy$VirtualFilterChain.doFilter(FilterChainProxy.java:374) ~[spring-security-web-6.5.8.jar:6.5.8]
	at org.springframework.security.web.header.HeaderWriterFilter.doHeadersAfter(HeaderWriterFilter.java:90) ~[spring-security-web-6.5.8.jar:6.5.8]
	at org.springframework.security.web.header.HeaderWriterFilter.doFilterInternal(HeaderWriterFilter.java:75) ~[spring-security-web-6.5.8.jar:6.5.8]
	at org.springframework.web.filter.OncePerRequestFilter.doFilter(OncePerRequestFilter.java:116) ~[spring-web-6.2.16.jar:6.2.16]
	at org.springframework.security.web.FilterChainProxy$VirtualFilterChain.doFilter(FilterChainProxy.java:374) ~[spring-security-web-6.5.8.jar:6.5.8]
	at org.springframework.security.web.context.SecurityContextHolderFilter.doFilter(SecurityContextHolderFilter.java:82) ~[spring-security-web-6.5.8.jar:6.5.8]
	at org.springframework.security.web.context.SecurityContextHolderFilter.doFilter(SecurityContextHolderFilter.java:69) ~[spring-security-web-6.5.8.jar:6.5.8]
	at org.springframework.security.web.FilterChainProxy$VirtualFilterChain.doFilter(FilterChainProxy.java:374) ~[spring-security-web-6.5.8.jar:6.5.8]
	at org.springframework.security.web.context.request.async.WebAsyncManagerIntegrationFilter.doFilterInternal(WebAsyncManagerIntegrationFilter.java:62) ~[spring-security-web-6.5.8.jar:6.5.8]
	at org.springframework.web.filter.OncePerRequestFilter.doFilter(OncePerRequestFilter.java:116) ~[spring-web-6.2.16.jar:6.2.16]
	at org.springframework.security.web.FilterChainProxy$VirtualFilterChain.doFilter(FilterChainProxy.java:374) ~[spring-security-web-6.5.8.jar:6.5.8]
	at org.springframework.security.web.session.DisableEncodeUrlFilter.doFilterInternal(DisableEncodeUrlFilter.java:42) ~[spring-security-web-6.5.8.jar:6.5.8]
	at org.springframework.web.filter.OncePerRequestFilter.doFilter(OncePerRequestFilter.java:116) ~[spring-web-6.2.16.jar:6.2.16]
	at org.springframework.security.web.FilterChainProxy$VirtualFilterChain.doFilter(FilterChainProxy.java:374) ~[spring-security-web-6.5.8.jar:6.5.8]
	at org.springframework.security.web.FilterChainProxy.doFilterInternal(FilterChainProxy.java:233) ~[spring-security-web-6.5.8.jar:6.5.8]
	at org.springframework.security.web.FilterChainProxy.doFilter(FilterChainProxy.java:191) ~[spring-security-web-6.5.8.jar:6.5.8]
	at org.springframework.web.filter.CompositeFilter$VirtualFilterChain.doFilter(CompositeFilter.java:113) ~[spring-web-6.2.16.jar:6.2.16]
	at org.springframework.web.filter.ServletRequestPathFilter.doFilter(ServletRequestPathFilter.java:52) ~[spring-web-6.2.16.jar:6.2.16]
	at org.springframework.web.filter.CompositeFilter$VirtualFilterChain.doFilter(CompositeFilter.java:113) ~[spring-web-6.2.16.jar:6.2.16]
	at org.springframework.web.filter.CompositeFilter.doFilter(CompositeFilter.java:74) ~[spring-web-6.2.16.jar:6.2.16]
	at org.springframework.security.config.annotation.web.configuration.WebSecurityConfiguration$CompositeFilterChainProxy.doFilter(WebSecurityConfiguration.java:319) ~[spring-security-config-6.5.8.jar:6.5.8]
	at org.springframework.web.filter.CompositeFilter$VirtualFilterChain.doFilter(CompositeFilter.java:113) ~[spring-web-6.2.16.jar:6.2.16]
	at org.springframework.web.servlet.handler.HandlerMappingIntrospector.lambda$createCacheFilter$4(HandlerMappingIntrospector.java:267) ~[spring-webmvc-6.2.16.jar:6.2.16]
	at org.springframework.web.filter.CompositeFilter$VirtualFilterChain.doFilter(CompositeFilter.java:113) ~[spring-web-6.2.16.jar:6.2.16]
	at org.springframework.web.filter.CompositeFilter.doFilter(CompositeFilter.java:74) ~[spring-web-6.2.16.jar:6.2.16]
	at org.springframework.security.config.annotation.web.configuration.WebMvcSecurityConfiguration$CompositeFilterChainProxy.doFilter(WebMvcSecurityConfiguration.java:240) ~[spring-security-config-6.5.8.jar:6.5.8]
	at org.springframework.web.filter.DelegatingFilterProxy.invokeDelegate(DelegatingFilterProxy.java:362) ~[spring-web-6.2.16.jar:6.2.16]
	at org.springframework.web.filter.DelegatingFilterProxy.doFilter(DelegatingFilterProxy.java:278) ~[spring-web-6.2.16.jar:6.2.16]
	at org.apache.catalina.core.ApplicationFilterChain.internalDoFilter(ApplicationFilterChain.java:162) ~[tomcat-embed-core-10.1.52.jar:10.1.52]
	at org.apache.catalina.core.ApplicationFilterChain.doFilter(ApplicationFilterChain.java:138) ~[tomcat-embed-core-10.1.52.jar:10.1.52]
	at org.springframework.web.filter.RequestContextFilter.doFilterInternal(RequestContextFilter.java:100) ~[spring-web-6.2.16.jar:6.2.16]
	at org.springframework.web.filter.OncePerRequestFilter.doFilter(OncePerRequestFilter.java:116) ~[spring-web-6.2.16.jar:6.2.16]
	at org.apache.catalina.core.ApplicationFilterChain.internalDoFilter(ApplicationFilterChain.java:162) ~[tomcat-embed-core-10.1.52.jar:10.1.52]
	at org.apache.catalina.core.ApplicationFilterChain.doFilter(ApplicationFilterChain.java:138) ~[tomcat-embed-core-10.1.52.jar:10.1.52]
	at org.springframework.web.filter.FormContentFilter.doFilterInternal(FormContentFilter.java:93) ~[spring-web-6.2.16.jar:6.2.16]
	at org.springframework.web.filter.OncePerRequestFilter.doFilter(OncePerRequestFilter.java:116) ~[spring-web-6.2.16.jar:6.2.16]
	at org.apache.catalina.core.ApplicationFilterChain.internalDoFilter(ApplicationFilterChain.java:162) ~[tomcat-embed-core-10.1.52.jar:10.1.52]
	at org.apache.catalina.core.ApplicationFilterChain.doFilter(ApplicationFilterChain.java:138) ~[tomcat-embed-core-10.1.52.jar:10.1.52]
	at org.springframework.web.filter.CharacterEncodingFilter.doFilterInternal(CharacterEncodingFilter.java:201) ~[spring-web-6.2.16.jar:6.2.16]
	at org.springframework.web.filter.OncePerRequestFilter.doFilter(OncePerRequestFilter.java:116) ~[spring-web-6.2.16.jar:6.2.16]
	at org.apache.catalina.core.ApplicationFilterChain.internalDoFilter(ApplicationFilterChain.java:162) ~[tomcat-embed-core-10.1.52.jar:10.1.52]
	at org.apache.catalina.core.ApplicationFilterChain.doFilter(ApplicationFilterChain.java:138) ~[tomcat-embed-core-10.1.52.jar:10.1.52]
	at org.apache.catalina.core.StandardWrapperValve.invoke(StandardWrapperValve.java:165) ~[tomcat-embed-core-10.1.52.jar:10.1.52]
	at org.apache.catalina.core.StandardContextValve.invoke(StandardContextValve.java:88) ~[tomcat-embed-core-10.1.52.jar:10.1.52]
	at org.apache.catalina.authenticator.AuthenticatorBase.invoke(AuthenticatorBase.java:492) ~[tomcat-embed-core-10.1.52.jar:10.1.52]
	at org.apache.catalina.core.StandardHostValve.invoke(StandardHostValve.java:113) ~[tomcat-embed-core-10.1.52.jar:10.1.52]
	at org.apache.catalina.valves.ErrorReportValve.invoke(ErrorReportValve.java:83) ~[tomcat-embed-core-10.1.52.jar:10.1.52]
	at org.apache.catalina.core.StandardEngineValve.invoke(StandardEngineValve.java:72) ~[tomcat-embed-core-10.1.52.jar:10.1.52]
	at org.apache.catalina.connector.CoyoteAdapter.service(CoyoteAdapter.java:342) ~[tomcat-embed-core-10.1.52.jar:10.1.52]
	at org.apache.coyote.http11.Http11Processor.service(Http11Processor.java:399) ~[tomcat-embed-core-10.1.52.jar:10.1.52]
	at org.apache.coyote.AbstractProcessorLight.process(AbstractProcessorLight.java:63) ~[tomcat-embed-core-10.1.52.jar:10.1.52]
	at org.apache.coyote.AbstractProtocol$ConnectionHandler.process(AbstractProtocol.java:903) ~[tomcat-embed-core-10.1.52.jar:10.1.52]
	at org.apache.tomcat.util.net.NioEndpoint$SocketProcessor.doRun(NioEndpoint.java:1775) ~[tomcat-embed-core-10.1.52.jar:10.1.52]
	at org.apache.tomcat.util.net.SocketProcessorBase.run(SocketProcessorBase.java:52) ~[tomcat-embed-core-10.1.52.jar:10.1.52]
	at org.apache.tomcat.util.threads.ThreadPoolExecutor.runWorker(ThreadPoolExecutor.java:973) ~[tomcat-embed-core-10.1.52.jar:10.1.52]
	at org.apache.tomcat.util.threads.ThreadPoolExecutor$Worker.run(ThreadPoolExecutor.java:491) ~[tomcat-embed-core-10.1.52.jar:10.1.52]
	at org.apache.tomcat.util.threads.TaskThread$WrappingRunnable.run(TaskThread.java:63) ~[tomcat-embed-core-10.1.52.jar:10.1.52]
	at java.base/java.lang.Thread.run(Thread.java:1583) ~[na:na]

2026-05-30T17:37:53.505-03:00 DEBUG 31320 --- [http-nio-8080-exec-5] s.w.a.DelegatingAuthenticationEntryPoint : Trying to match using RequestHeaderRequestMatcher [expectedHeaderName=X-Requested-With, expectedHeaderValue=XMLHttpRequest]
2026-05-30T17:37:53.506-03:00 DEBUG 31320 --- [http-nio-8080-exec-5] s.w.a.DelegatingAuthenticationEntryPoint : No match found. Using default entry point org.springframework.security.web.authentication.www.BasicAuthenticationEntryPoint@20f35ec2
2026-05-30T17:37:53.506-03:00 DEBUG 31320 --- [http-nio-8080-exec-5] o.s.security.web.FilterChainProxy        : Securing GET /error
2026-05-30T17:37:53.506-03:00 DEBUG 31320 --- [http-nio-8080-exec-5] o.s.s.w.a.AnonymousAuthenticationFilter  : Set SecurityContextHolder to anonymous SecurityContext
2026-05-30T17:37:53.507-03:00 DEBUG 31320 --- [http-nio-8080-exec-5] s.w.a.DelegatingAuthenticationEntryPoint : Trying to match using RequestHeaderRequestMatcher [expectedHeaderName=X-Requested-With, expectedHeaderValue=XMLHttpRequest]
2026-05-30T17:37:53.507-03:00 DEBUG 31320 --- [http-nio-8080-exec-5] s.w.a.DelegatingAuthenticationEntryPoint : No match found. Using default entry point org.springframework.security.web.authentication.www.BasicAuthenticationEntryPoint@20f35ec2
2026-05-30T17:38:19.935-03:00 DEBUG 31320 --- [http-nio-8080-exec-7] o.s.security.web.FilterChainProxy        : Securing POST /auth/login
2026-05-30T17:38:19.997-03:00 DEBUG 31320 --- [http-nio-8080-exec-7] o.s.s.a.dao.DaoAuthenticationProvider    : Failed to find user 'augustoleal@gmail.com'
2026-05-30T17:38:19.997-03:00 DEBUG 31320 --- [http-nio-8080-exec-7] o.s.s.authentication.ProviderManager     : Authentication failed with provider DaoAuthenticationProvider since Usuário inexistente ou senha inválida
2026-05-30T17:38:19.998-03:00 DEBUG 31320 --- [http-nio-8080-exec-7] o.s.s.authentication.ProviderManager     : Denying authentication since all attempted providers failed
2026-05-30T17:38:19.998-03:00 DEBUG 31320 --- [http-nio-8080-exec-7] o.s.s.w.a.www.BasicAuthenticationFilter  : Failed to process authentication request

org.springframework.security.authentication.BadCredentialsException: Usuário inexistente ou senha inválida
	at org.springframework.security.authentication.dao.AbstractUserDetailsAuthenticationProvider.authenticate(AbstractUserDetailsAuthenticationProvider.java:144) ~[spring-security-core-6.5.8.jar:6.5.8]
	at org.springframework.security.authentication.ProviderManager.authenticate(ProviderManager.java:182) ~[spring-security-core-6.5.8.jar:6.5.8]
	at org.springframework.security.authentication.ProviderManager.authenticate(ProviderManager.java:214) ~[spring-security-core-6.5.8.jar:6.5.8]
	at org.springframework.security.web.authentication.www.BasicAuthenticationFilter.doFilterInternal(BasicAuthenticationFilter.java:187) ~[spring-security-web-6.5.8.jar:6.5.8]
	at org.springframework.web.filter.OncePerRequestFilter.doFilter(OncePerRequestFilter.java:116) ~[spring-web-6.2.16.jar:6.2.16]
	at org.springframework.security.web.FilterChainProxy$VirtualFilterChain.doFilter(FilterChainProxy.java:374) ~[spring-security-web-6.5.8.jar:6.5.8]
	at org.springframework.security.web.authentication.logout.LogoutFilter.doFilter(LogoutFilter.java:107) ~[spring-security-web-6.5.8.jar:6.5.8]
	at org.springframework.security.web.authentication.logout.LogoutFilter.doFilter(LogoutFilter.java:93) ~[spring-security-web-6.5.8.jar:6.5.8]
	at org.springframework.security.web.FilterChainProxy$VirtualFilterChain.doFilter(FilterChainProxy.java:374) ~[spring-security-web-6.5.8.jar:6.5.8]
	at org.springframework.web.filter.CorsFilter.doFilterInternal(CorsFilter.java:91) ~[spring-web-6.2.16.jar:6.2.16]
	at org.springframework.web.filter.OncePerRequestFilter.doFilter(OncePerRequestFilter.java:116) ~[spring-web-6.2.16.jar:6.2.16]
	at org.springframework.security.web.FilterChainProxy$VirtualFilterChain.doFilter(FilterChainProxy.java:374) ~[spring-security-web-6.5.8.jar:6.5.8]
	at org.springframework.security.web.header.HeaderWriterFilter.doHeadersAfter(HeaderWriterFilter.java:90) ~[spring-security-web-6.5.8.jar:6.5.8]
	at org.springframework.security.web.header.HeaderWriterFilter.doFilterInternal(HeaderWriterFilter.java:75) ~[spring-security-web-6.5.8.jar:6.5.8]
	at org.springframework.web.filter.OncePerRequestFilter.doFilter(OncePerRequestFilter.java:116) ~[spring-web-6.2.16.jar:6.2.16]
	at org.springframework.security.web.FilterChainProxy$VirtualFilterChain.doFilter(FilterChainProxy.java:374) ~[spring-security-web-6.5.8.jar:6.5.8]
	at org.springframework.security.web.context.SecurityContextHolderFilter.doFilter(SecurityContextHolderFilter.java:82) ~[spring-security-web-6.5.8.jar:6.5.8]
	at org.springframework.security.web.context.SecurityContextHolderFilter.doFilter(SecurityContextHolderFilter.java:69) ~[spring-security-web-6.5.8.jar:6.5.8]
	at org.springframework.security.web.FilterChainProxy$VirtualFilterChain.doFilter(FilterChainProxy.java:374) ~[spring-security-web-6.5.8.jar:6.5.8]
	at org.springframework.security.web.context.request.async.WebAsyncManagerIntegrationFilter.doFilterInternal(WebAsyncManagerIntegrationFilter.java:62) ~[spring-security-web-6.5.8.jar:6.5.8]
	at org.springframework.web.filter.OncePerRequestFilter.doFilter(OncePerRequestFilter.java:116) ~[spring-web-6.2.16.jar:6.2.16]
	at org.springframework.security.web.FilterChainProxy$VirtualFilterChain.doFilter(FilterChainProxy.java:374) ~[spring-security-web-6.5.8.jar:6.5.8]
	at org.springframework.security.web.session.DisableEncodeUrlFilter.doFilterInternal(DisableEncodeUrlFilter.java:42) ~[spring-security-web-6.5.8.jar:6.5.8]
	at org.springframework.web.filter.OncePerRequestFilter.doFilter(OncePerRequestFilter.java:116) ~[spring-web-6.2.16.jar:6.2.16]
	at org.springframework.security.web.FilterChainProxy$VirtualFilterChain.doFilter(FilterChainProxy.java:374) ~[spring-security-web-6.5.8.jar:6.5.8]
	at org.springframework.security.web.FilterChainProxy.doFilterInternal(FilterChainProxy.java:233) ~[spring-security-web-6.5.8.jar:6.5.8]
	at org.springframework.security.web.FilterChainProxy.doFilter(FilterChainProxy.java:191) ~[spring-security-web-6.5.8.jar:6.5.8]
	at org.springframework.web.filter.CompositeFilter$VirtualFilterChain.doFilter(CompositeFilter.java:113) ~[spring-web-6.2.16.jar:6.2.16]
	at org.springframework.web.filter.ServletRequestPathFilter.doFilter(ServletRequestPathFilter.java:52) ~[spring-web-6.2.16.jar:6.2.16]
	at org.springframework.web.filter.CompositeFilter$VirtualFilterChain.doFilter(CompositeFilter.java:113) ~[spring-web-6.2.16.jar:6.2.16]
	at org.springframework.web.filter.CompositeFilter.doFilter(CompositeFilter.java:74) ~[spring-web-6.2.16.jar:6.2.16]
	at org.springframework.security.config.annotation.web.configuration.WebSecurityConfiguration$CompositeFilterChainProxy.doFilter(WebSecurityConfiguration.java:319) ~[spring-security-config-6.5.8.jar:6.5.8]
	at org.springframework.web.filter.CompositeFilter$VirtualFilterChain.doFilter(CompositeFilter.java:113) ~[spring-web-6.2.16.jar:6.2.16]
	at org.springframework.web.servlet.handler.HandlerMappingIntrospector.lambda$createCacheFilter$4(HandlerMappingIntrospector.java:267) ~[spring-webmvc-6.2.16.jar:6.2.16]
	at org.springframework.web.filter.CompositeFilter$VirtualFilterChain.doFilter(CompositeFilter.java:113) ~[spring-web-6.2.16.jar:6.2.16]
	at org.springframework.web.filter.CompositeFilter.doFilter(CompositeFilter.java:74) ~[spring-web-6.2.16.jar:6.2.16]
	at org.springframework.security.config.annotation.web.configuration.WebMvcSecurityConfiguration$CompositeFilterChainProxy.doFilter(WebMvcSecurityConfiguration.java:240) ~[spring-security-config-6.5.8.jar:6.5.8]
	at org.springframework.web.filter.DelegatingFilterProxy.invokeDelegate(DelegatingFilterProxy.java:362) ~[spring-web-6.2.16.jar:6.2.16]
	at org.springframework.web.filter.DelegatingFilterProxy.doFilter(DelegatingFilterProxy.java:278) ~[spring-web-6.2.16.jar:6.2.16]
	at org.apache.catalina.core.ApplicationFilterChain.internalDoFilter(ApplicationFilterChain.java:162) ~[tomcat-embed-core-10.1.52.jar:10.1.52]
	at org.apache.catalina.core.ApplicationFilterChain.doFilter(ApplicationFilterChain.java:138) ~[tomcat-embed-core-10.1.52.jar:10.1.52]
	at org.springframework.web.filter.RequestContextFilter.doFilterInternal(RequestContextFilter.java:100) ~[spring-web-6.2.16.jar:6.2.16]
	at org.springframework.web.filter.OncePerRequestFilter.doFilter(OncePerRequestFilter.java:116) ~[spring-web-6.2.16.jar:6.2.16]
	at org.apache.catalina.core.ApplicationFilterChain.internalDoFilter(ApplicationFilterChain.java:162) ~[tomcat-embed-core-10.1.52.jar:10.1.52]
	at org.apache.catalina.core.ApplicationFilterChain.doFilter(ApplicationFilterChain.java:138) ~[tomcat-embed-core-10.1.52.jar:10.1.52]
	at org.springframework.web.filter.FormContentFilter.doFilterInternal(FormContentFilter.java:93) ~[spring-web-6.2.16.jar:6.2.16]
	at org.springframework.web.filter.OncePerRequestFilter.doFilter(OncePerRequestFilter.java:116) ~[spring-web-6.2.16.jar:6.2.16]
	at org.apache.catalina.core.ApplicationFilterChain.internalDoFilter(ApplicationFilterChain.java:162) ~[tomcat-embed-core-10.1.52.jar:10.1.52]
	at org.apache.catalina.core.ApplicationFilterChain.doFilter(ApplicationFilterChain.java:138) ~[tomcat-embed-core-10.1.52.jar:10.1.52]
	at org.springframework.web.filter.CharacterEncodingFilter.doFilterInternal(CharacterEncodingFilter.java:201) ~[spring-web-6.2.16.jar:6.2.16]
	at org.springframework.web.filter.OncePerRequestFilter.doFilter(OncePerRequestFilter.java:116) ~[spring-web-6.2.16.jar:6.2.16]
	at org.apache.catalina.core.ApplicationFilterChain.internalDoFilter(ApplicationFilterChain.java:162) ~[tomcat-embed-core-10.1.52.jar:10.1.52]
	at org.apache.catalina.core.ApplicationFilterChain.doFilter(ApplicationFilterChain.java:138) ~[tomcat-embed-core-10.1.52.jar:10.1.52]
	at org.apache.catalina.core.StandardWrapperValve.invoke(StandardWrapperValve.java:165) ~[tomcat-embed-core-10.1.52.jar:10.1.52]
	at org.apache.catalina.core.StandardContextValve.invoke(StandardContextValve.java:88) ~[tomcat-embed-core-10.1.52.jar:10.1.52]
	at org.apache.catalina.authenticator.AuthenticatorBase.invoke(AuthenticatorBase.java:492) ~[tomcat-embed-core-10.1.52.jar:10.1.52]
	at org.apache.catalina.core.StandardHostValve.invoke(StandardHostValve.java:113) ~[tomcat-embed-core-10.1.52.jar:10.1.52]
	at org.apache.catalina.valves.ErrorReportValve.invoke(ErrorReportValve.java:83) ~[tomcat-embed-core-10.1.52.jar:10.1.52]
	at org.apache.catalina.core.StandardEngineValve.invoke(StandardEngineValve.java:72) ~[tomcat-embed-core-10.1.52.jar:10.1.52]
	at org.apache.catalina.connector.CoyoteAdapter.service(CoyoteAdapter.java:342) ~[tomcat-embed-core-10.1.52.jar:10.1.52]
	at org.apache.coyote.http11.Http11Processor.service(Http11Processor.java:399) ~[tomcat-embed-core-10.1.52.jar:10.1.52]
	at org.apache.coyote.AbstractProcessorLight.process(AbstractProcessorLight.java:63) ~[tomcat-embed-core-10.1.52.jar:10.1.52]
	at org.apache.coyote.AbstractProtocol$ConnectionHandler.process(AbstractProtocol.java:903) ~[tomcat-embed-core-10.1.52.jar:10.1.52]
	at org.apache.tomcat.util.net.NioEndpoint$SocketProcessor.doRun(NioEndpoint.java:1775) ~[tomcat-embed-core-10.1.52.jar:10.1.52]
	at org.apache.tomcat.util.net.SocketProcessorBase.run(SocketProcessorBase.java:52) ~[tomcat-embed-core-10.1.52.jar:10.1.52]
	at org.apache.tomcat.util.threads.ThreadPoolExecutor.runWorker(ThreadPoolExecutor.java:973) ~[tomcat-embed-core-10.1.52.jar:10.1.52]
	at org.apache.tomcat.util.threads.ThreadPoolExecutor$Worker.run(ThreadPoolExecutor.java:491) ~[tomcat-embed-core-10.1.52.jar:10.1.52]
	at org.apache.tomcat.util.threads.TaskThread$WrappingRunnable.run(TaskThread.java:63) ~[tomcat-embed-core-10.1.52.jar:10.1.52]
	at java.base/java.lang.Thread.run(Thread.java:1583) ~[na:na]

2026-05-30T17:38:19.999-03:00 DEBUG 31320 --- [http-nio-8080-exec-7] s.w.a.DelegatingAuthenticationEntryPoint : Trying to match using RequestHeaderRequestMatcher [expectedHeaderName=X-Requested-With, expectedHeaderValue=XMLHttpRequest]
2026-05-30T17:38:19.999-03:00 DEBUG 31320 --- [http-nio-8080-exec-7] s.w.a.DelegatingAuthenticationEntryPoint : No match found. Using default entry point org.springframework.security.web.authentication.www.BasicAuthenticationEntryPoint@20f35ec2
2026-05-30T17:38:20.000-03:00 DEBUG 31320 --- [http-nio-8080-exec-7] o.s.security.web.FilterChainProxy        : Securing POST /error
2026-05-30T17:38:20.000-03:00 DEBUG 31320 --- [http-nio-8080-exec-7] o.s.s.w.a.AnonymousAuthenticationFilter  : Set SecurityContextHolder to anonymous SecurityContext
2026-05-30T17:38:20.000-03:00 DEBUG 31320 --- [http-nio-8080-exec-7] s.w.a.DelegatingAuthenticationEntryPoint : Trying to match using RequestHeaderRequestMatcher [expectedHeaderName=X-Requested-With, expectedHeaderValue=XMLHttpRequest]
2026-05-30T17:38:20.000-03:00 DEBUG 31320 --- [http-nio-8080-exec-7] s.w.a.DelegatingAuthenticationEntryPoint : No match found. Using default entry point org.springframework.security.web.authentication.www.BasicAuthenticationEntryPoint@20f35ec2
2026-05-30T17:38:41.258-03:00 DEBUG 31320 --- [http-nio-8080-exec-6] o.s.security.web.FilterChainProxy        : Securing GET /auth/login
2026-05-30T17:38:41.315-03:00 DEBUG 31320 --- [http-nio-8080-exec-6] o.s.s.a.dao.DaoAuthenticationProvider    : Failed to find user 'augustoleal@gmail.com'
2026-05-30T17:38:41.316-03:00 DEBUG 31320 --- [http-nio-8080-exec-6] o.s.s.authentication.ProviderManager     : Authentication failed with provider DaoAuthenticationProvider since Usuário inexistente ou senha inválida
2026-05-30T17:38:41.316-03:00 DEBUG 31320 --- [http-nio-8080-exec-6] o.s.s.authentication.ProviderManager     : Denying authentication since all attempted providers failed
2026-05-30T17:38:41.316-03:00 DEBUG 31320 --- [http-nio-8080-exec-6] o.s.s.w.a.www.BasicAuthenticationFilter  : Failed to process authentication request

org.springframework.security.authentication.BadCredentialsException: Usuário inexistente ou senha inválida
	at org.springframework.security.authentication.dao.AbstractUserDetailsAuthenticationProvider.authenticate(AbstractUserDetailsAuthenticationProvider.java:144) ~[spring-security-core-6.5.8.jar:6.5.8]
	at org.springframework.security.authentication.ProviderManager.authenticate(ProviderManager.java:182) ~[spring-security-core-6.5.8.jar:6.5.8]
	at org.springframework.security.authentication.ProviderManager.authenticate(ProviderManager.java:214) ~[spring-security-core-6.5.8.jar:6.5.8]
	at org.springframework.security.web.authentication.www.BasicAuthenticationFilter.doFilterInternal(BasicAuthenticationFilter.java:187) ~[spring-security-web-6.5.8.jar:6.5.8]
	at org.springframework.web.filter.OncePerRequestFilter.doFilter(OncePerRequestFilter.java:116) ~[spring-web-6.2.16.jar:6.2.16]
	at org.springframework.security.web.FilterChainProxy$VirtualFilterChain.doFilter(FilterChainProxy.java:374) ~[spring-security-web-6.5.8.jar:6.5.8]
	at org.springframework.security.web.authentication.logout.LogoutFilter.doFilter(LogoutFilter.java:107) ~[spring-security-web-6.5.8.jar:6.5.8]
	at org.springframework.security.web.authentication.logout.LogoutFilter.doFilter(LogoutFilter.java:93) ~[spring-security-web-6.5.8.jar:6.5.8]
	at org.springframework.security.web.FilterChainProxy$VirtualFilterChain.doFilter(FilterChainProxy.java:374) ~[spring-security-web-6.5.8.jar:6.5.8]
	at org.springframework.web.filter.CorsFilter.doFilterInternal(CorsFilter.java:91) ~[spring-web-6.2.16.jar:6.2.16]
	at org.springframework.web.filter.OncePerRequestFilter.doFilter(OncePerRequestFilter.java:116) ~[spring-web-6.2.16.jar:6.2.16]
	at org.springframework.security.web.FilterChainProxy$VirtualFilterChain.doFilter(FilterChainProxy.java:374) ~[spring-security-web-6.5.8.jar:6.5.8]
	at org.springframework.security.web.header.HeaderWriterFilter.doHeadersAfter(HeaderWriterFilter.java:90) ~[spring-security-web-6.5.8.jar:6.5.8]
	at org.springframework.security.web.header.HeaderWriterFilter.doFilterInternal(HeaderWriterFilter.java:75) ~[spring-security-web-6.5.8.jar:6.5.8]
	at org.springframework.web.filter.OncePerRequestFilter.doFilter(OncePerRequestFilter.java:116) ~[spring-web-6.2.16.jar:6.2.16]
	at org.springframework.security.web.FilterChainProxy$VirtualFilterChain.doFilter(FilterChainProxy.java:374) ~[spring-security-web-6.5.8.jar:6.5.8]
	at org.springframework.security.web.context.SecurityContextHolderFilter.doFilter(SecurityContextHolderFilter.java:82) ~[spring-security-web-6.5.8.jar:6.5.8]
	at org.springframework.security.web.context.SecurityContextHolderFilter.doFilter(SecurityContextHolderFilter.java:69) ~[spring-security-web-6.5.8.jar:6.5.8]
	at org.springframework.security.web.FilterChainProxy$VirtualFilterChain.doFilter(FilterChainProxy.java:374) ~[spring-security-web-6.5.8.jar:6.5.8]
	at org.springframework.security.web.context.request.async.WebAsyncManagerIntegrationFilter.doFilterInternal(WebAsyncManagerIntegrationFilter.java:62) ~[spring-security-web-6.5.8.jar:6.5.8]
	at org.springframework.web.filter.OncePerRequestFilter.doFilter(OncePerRequestFilter.java:116) ~[spring-web-6.2.16.jar:6.2.16]
	at org.springframework.security.web.FilterChainProxy$VirtualFilterChain.doFilter(FilterChainProxy.java:374) ~[spring-security-web-6.5.8.jar:6.5.8]
	at org.springframework.security.web.session.DisableEncodeUrlFilter.doFilterInternal(DisableEncodeUrlFilter.java:42) ~[spring-security-web-6.5.8.jar:6.5.8]
	at org.springframework.web.filter.OncePerRequestFilter.doFilter(OncePerRequestFilter.java:116) ~[spring-web-6.2.16.jar:6.2.16]
	at org.springframework.security.web.FilterChainProxy$VirtualFilterChain.doFilter(FilterChainProxy.java:374) ~[spring-security-web-6.5.8.jar:6.5.8]
	at org.springframework.security.web.FilterChainProxy.doFilterInternal(FilterChainProxy.java:233) ~[spring-security-web-6.5.8.jar:6.5.8]
	at org.springframework.security.web.FilterChainProxy.doFilter(FilterChainProxy.java:191) ~[spring-security-web-6.5.8.jar:6.5.8]
	at org.springframework.web.filter.CompositeFilter$VirtualFilterChain.doFilter(CompositeFilter.java:113) ~[spring-web-6.2.16.jar:6.2.16]
	at org.springframework.web.filter.ServletRequestPathFilter.doFilter(ServletRequestPathFilter.java:52) ~[spring-web-6.2.16.jar:6.2.16]
	at org.springframework.web.filter.CompositeFilter$VirtualFilterChain.doFilter(CompositeFilter.java:113) ~[spring-web-6.2.16.jar:6.2.16]
	at org.springframework.web.filter.CompositeFilter.doFilter(CompositeFilter.java:74) ~[spring-web-6.2.16.jar:6.2.16]
	at org.springframework.security.config.annotation.web.configuration.WebSecurityConfiguration$CompositeFilterChainProxy.doFilter(WebSecurityConfiguration.java:319) ~[spring-security-config-6.5.8.jar:6.5.8]
	at org.springframework.web.filter.CompositeFilter$VirtualFilterChain.doFilter(CompositeFilter.java:113) ~[spring-web-6.2.16.jar:6.2.16]
	at org.springframework.web.servlet.handler.HandlerMappingIntrospector.lambda$createCacheFilter$4(HandlerMappingIntrospector.java:267) ~[spring-webmvc-6.2.16.jar:6.2.16]
	at org.springframework.web.filter.CompositeFilter$VirtualFilterChain.doFilter(CompositeFilter.java:113) ~[spring-web-6.2.16.jar:6.2.16]
	at org.springframework.web.filter.CompositeFilter.doFilter(CompositeFilter.java:74) ~[spring-web-6.2.16.jar:6.2.16]
	at org.springframework.security.config.annotation.web.configuration.WebMvcSecurityConfiguration$CompositeFilterChainProxy.doFilter(WebMvcSecurityConfiguration.java:240) ~[spring-security-config-6.5.8.jar:6.5.8]
	at org.springframework.web.filter.DelegatingFilterProxy.invokeDelegate(DelegatingFilterProxy.java:362) ~[spring-web-6.2.16.jar:6.2.16]
	at org.springframework.web.filter.DelegatingFilterProxy.doFilter(DelegatingFilterProxy.java:278) ~[spring-web-6.2.16.jar:6.2.16]
	at org.apache.catalina.core.ApplicationFilterChain.internalDoFilter(ApplicationFilterChain.java:162) ~[tomcat-embed-core-10.1.52.jar:10.1.52]
	at org.apache.catalina.core.ApplicationFilterChain.doFilter(ApplicationFilterChain.java:138) ~[tomcat-embed-core-10.1.52.jar:10.1.52]
	at org.springframework.web.filter.RequestContextFilter.doFilterInternal(RequestContextFilter.java:100) ~[spring-web-6.2.16.jar:6.2.16]
	at org.springframework.web.filter.OncePerRequestFilter.doFilter(OncePerRequestFilter.java:116) ~[spring-web-6.2.16.jar:6.2.16]
	at org.apache.catalina.core.ApplicationFilterChain.internalDoFilter(ApplicationFilterChain.java:162) ~[tomcat-embed-core-10.1.52.jar:10.1.52]
	at org.apache.catalina.core.ApplicationFilterChain.doFilter(ApplicationFilterChain.java:138) ~[tomcat-embed-core-10.1.52.jar:10.1.52]
	at org.springframework.web.filter.FormContentFilter.doFilterInternal(FormContentFilter.java:93) ~[spring-web-6.2.16.jar:6.2.16]
	at org.springframework.web.filter.OncePerRequestFilter.doFilter(OncePerRequestFilter.java:116) ~[spring-web-6.2.16.jar:6.2.16]
	at org.apache.catalina.core.ApplicationFilterChain.internalDoFilter(ApplicationFilterChain.java:162) ~[tomcat-embed-core-10.1.52.jar:10.1.52]
	at org.apache.catalina.core.ApplicationFilterChain.doFilter(ApplicationFilterChain.java:138) ~[tomcat-embed-core-10.1.52.jar:10.1.52]
	at org.springframework.web.filter.CharacterEncodingFilter.doFilterInternal(CharacterEncodingFilter.java:201) ~[spring-web-6.2.16.jar:6.2.16]
	at org.springframework.web.filter.OncePerRequestFilter.doFilter(OncePerRequestFilter.java:116) ~[spring-web-6.2.16.jar:6.2.16]
	at org.apache.catalina.core.ApplicationFilterChain.internalDoFilter(ApplicationFilterChain.java:162) ~[tomcat-embed-core-10.1.52.jar:10.1.52]
	at org.apache.catalina.core.ApplicationFilterChain.doFilter(ApplicationFilterChain.java:138) ~[tomcat-embed-core-10.1.52.jar:10.1.52]
	at org.apache.catalina.core.StandardWrapperValve.invoke(StandardWrapperValve.java:165) ~[tomcat-embed-core-10.1.52.jar:10.1.52]
	at org.apache.catalina.core.StandardContextValve.invoke(StandardContextValve.java:88) ~[tomcat-embed-core-10.1.52.jar:10.1.52]
	at org.apache.catalina.authenticator.AuthenticatorBase.invoke(AuthenticatorBase.java:492) ~[tomcat-embed-core-10.1.52.jar:10.1.52]
	at org.apache.catalina.core.StandardHostValve.invoke(StandardHostValve.java:113) ~[tomcat-embed-core-10.1.52.jar:10.1.52]
	at org.apache.catalina.valves.ErrorReportValve.invoke(ErrorReportValve.java:83) ~[tomcat-embed-core-10.1.52.jar:10.1.52]
	at org.apache.catalina.core.StandardEngineValve.invoke(StandardEngineValve.java:72) ~[tomcat-embed-core-10.1.52.jar:10.1.52]
	at org.apache.catalina.connector.CoyoteAdapter.service(CoyoteAdapter.java:342) ~[tomcat-embed-core-10.1.52.jar:10.1.52]
	at org.apache.coyote.http11.Http11Processor.service(Http11Processor.java:399) ~[tomcat-embed-core-10.1.52.jar:10.1.52]
	at org.apache.coyote.AbstractProcessorLight.process(AbstractProcessorLight.java:63) ~[tomcat-embed-core-10.1.52.jar:10.1.52]
	at org.apache.coyote.AbstractProtocol$ConnectionHandler.process(AbstractProtocol.java:903) ~[tomcat-embed-core-10.1.52.jar:10.1.52]
	at org.apache.tomcat.util.net.NioEndpoint$SocketProcessor.doRun(NioEndpoint.java:1775) ~[tomcat-embed-core-10.1.52.jar:10.1.52]
	at org.apache.tomcat.util.net.SocketProcessorBase.run(SocketProcessorBase.java:52) ~[tomcat-embed-core-10.1.52.jar:10.1.52]
	at org.apache.tomcat.util.threads.ThreadPoolExecutor.runWorker(ThreadPoolExecutor.java:973) ~[tomcat-embed-core-10.1.52.jar:10.1.52]
	at org.apache.tomcat.util.threads.ThreadPoolExecutor$Worker.run(ThreadPoolExecutor.java:491) ~[tomcat-embed-core-10.1.52.jar:10.1.52]
	at org.apache.tomcat.util.threads.TaskThread$WrappingRunnable.run(TaskThread.java:63) ~[tomcat-embed-core-10.1.52.jar:10.1.52]
	at java.base/java.lang.Thread.run(Thread.java:1583) ~[na:na]

2026-05-30T17:38:41.317-03:00 DEBUG 31320 --- [http-nio-8080-exec-6] s.w.a.DelegatingAuthenticationEntryPoint : Trying to match using RequestHeaderRequestMatcher [expectedHeaderName=X-Requested-With, expectedHeaderValue=XMLHttpRequest]
2026-05-30T17:38:41.317-03:00 DEBUG 31320 --- [http-nio-8080-exec-6] s.w.a.DelegatingAuthenticationEntryPoint : No match found. Using default entry point org.springframework.security.web.authentication.www.BasicAuthenticationEntryPoint@20f35ec2
2026-05-30T17:38:41.318-03:00 DEBUG 31320 --- [http-nio-8080-exec-6] o.s.security.web.FilterChainProxy        : Securing GET /error
2026-05-30T17:38:41.319-03:00 DEBUG 31320 --- [http-nio-8080-exec-6] o.s.s.w.a.AnonymousAuthenticationFilter  : Set SecurityContextHolder to anonymous SecurityContext
2026-05-30T17:38:41.319-03:00 DEBUG 31320 --- [http-nio-8080-exec-6] s.w.a.DelegatingAuthenticationEntryPoint : Trying to match using RequestHeaderRequestMatcher [expectedHeaderName=X-Requested-With, expectedHeaderValue=XMLHttpRequest]
2026-05-30T17:38:41.319-03:00 DEBUG 31320 --- [http-nio-8080-exec-6] s.w.a.DelegatingAuthenticationEntryPoint : No match found. Using default entry point org.springframework.security.web.authentication.www.BasicAuthenticationEntryPoint@20f35ec2
2026-05-30T17:44:04.249-03:00 DEBUG 31320 --- [http-nio-8080-exec-3] o.s.security.web.FilterChainProxy        : Securing GET /h2-console
2026-05-30T17:44:04.249-03:00 DEBUG 31320 --- [http-nio-8080-exec-3] o.s.s.w.a.AnonymousAuthenticationFilter  : Set SecurityContextHolder to anonymous SecurityContext
2026-05-30T17:44:04.250-03:00 DEBUG 31320 --- [http-nio-8080-exec-3] o.s.security.web.FilterChainProxy        : Secured GET /h2-console
2026-05-30T17:44:04.254-03:00 DEBUG 31320 --- [http-nio-8080-exec-4] o.s.security.web.FilterChainProxy        : Securing GET /h2-console/
2026-05-30T17:44:04.254-03:00 DEBUG 31320 --- [http-nio-8080-exec-4] o.s.s.w.a.AnonymousAuthenticationFilter  : Set SecurityContextHolder to anonymous SecurityContext
2026-05-30T17:44:04.255-03:00 DEBUG 31320 --- [http-nio-8080-exec-4] o.s.security.web.FilterChainProxy        : Secured GET /h2-console/
2026-05-30T17:44:04.290-03:00 DEBUG 31320 --- [http-nio-8080-exec-2] o.s.security.web.FilterChainProxy        : Securing GET /h2-console/stylesheet.css
2026-05-30T17:44:04.291-03:00 DEBUG 31320 --- [http-nio-8080-exec-2] o.s.s.w.a.AnonymousAuthenticationFilter  : Set SecurityContextHolder to anonymous SecurityContext
2026-05-30T17:44:04.291-03:00 DEBUG 31320 --- [http-nio-8080-exec-2] o.s.security.web.FilterChainProxy        : Secured GET /h2-console/stylesheet.css
2026-05-30T17:44:04.307-03:00 DEBUG 31320 --- [http-nio-8080-exec-5] o.s.security.web.FilterChainProxy        : Securing GET /h2-console/login.jsp?jsessionid=cc0d04dcecbf2944ac17a5795c961bc2
2026-05-30T17:44:04.307-03:00 DEBUG 31320 --- [http-nio-8080-exec-5] o.s.s.w.a.AnonymousAuthenticationFilter  : Set SecurityContextHolder to anonymous SecurityContext
2026-05-30T17:44:04.307-03:00 DEBUG 31320 --- [http-nio-8080-exec-5] o.s.security.web.FilterChainProxy        : Secured GET /h2-console/login.jsp?jsessionid=cc0d04dcecbf2944ac17a5795c961bc2
2026-05-30T17:44:04.331-03:00 DEBUG 31320 --- [http-nio-8080-exec-8] o.s.security.web.FilterChainProxy        : Securing GET /h2-console/background.gif
2026-05-30T17:44:04.331-03:00 DEBUG 31320 --- [http-nio-8080-exec-8] o.s.s.w.a.AnonymousAuthenticationFilter  : Set SecurityContextHolder to anonymous SecurityContext
2026-05-30T17:44:04.332-03:00 DEBUG 31320 --- [http-nio-8080-exec-8] o.s.security.web.FilterChainProxy        : Secured GET /h2-console/background.gif
2026-05-30T17:44:04.350-03:00 DEBUG 31320 --- [http-nio-8080-exec-7] o.s.security.web.FilterChainProxy        : Securing GET /favicon.ico
2026-05-30T17:44:04.350-03:00 DEBUG 31320 --- [http-nio-8080-exec-7] o.s.s.w.a.AnonymousAuthenticationFilter  : Set SecurityContextHolder to anonymous SecurityContext
2026-05-30T17:44:04.351-03:00 DEBUG 31320 --- [http-nio-8080-exec-7] s.w.a.DelegatingAuthenticationEntryPoint : Trying to match using RequestHeaderRequestMatcher [expectedHeaderName=X-Requested-With, expectedHeaderValue=XMLHttpRequest]
2026-05-30T17:44:04.351-03:00 DEBUG 31320 --- [http-nio-8080-exec-7] s.w.a.DelegatingAuthenticationEntryPoint : No match found. Using default entry point org.springframework.security.web.authentication.www.BasicAuthenticationEntryPoint@20f35ec2
2026-05-30T17:44:04.352-03:00 DEBUG 31320 --- [http-nio-8080-exec-7] o.s.security.web.FilterChainProxy        : Securing GET /error
2026-05-30T17:44:04.352-03:00 DEBUG 31320 --- [http-nio-8080-exec-7] o.s.s.w.a.AnonymousAuthenticationFilter  : Set SecurityContextHolder to anonymous SecurityContext
2026-05-30T17:44:04.352-03:00 DEBUG 31320 --- [http-nio-8080-exec-7] s.w.a.DelegatingAuthenticationEntryPoint : Trying to match using RequestHeaderRequestMatcher [expectedHeaderName=X-Requested-With, expectedHeaderValue=XMLHttpRequest]
2026-05-30T17:44:04.352-03:00 DEBUG 31320 --- [http-nio-8080-exec-7] s.w.a.DelegatingAuthenticationEntryPoint : No match found. Using default entry point org.springframework.security.web.authentication.www.BasicAuthenticationEntryPoint@20f35ec2
2026-05-30T17:44:08.740-03:00 DEBUG 31320 --- [http-nio-8080-exec-6] o.s.security.web.FilterChainProxy        : Securing POST /h2-console/login.do?jsessionid=cc0d04dcecbf2944ac17a5795c961bc2
2026-05-30T17:44:08.744-03:00 DEBUG 31320 --- [http-nio-8080-exec-6] o.s.s.w.a.AnonymousAuthenticationFilter  : Set SecurityContextHolder to anonymous SecurityContext
2026-05-30T17:44:08.745-03:00 DEBUG 31320 --- [http-nio-8080-exec-6] o.s.security.web.FilterChainProxy        : Secured POST /h2-console/login.do?jsessionid=cc0d04dcecbf2944ac17a5795c961bc2
2026-05-30T17:44:08.773-03:00 DEBUG 31320 --- [http-nio-8080-exec-9] o.s.security.web.FilterChainProxy        : Securing GET /h2-console/header.jsp?jsessionid=cc0d04dcecbf2944ac17a5795c961bc2
2026-05-30T17:44:08.774-03:00 DEBUG 31320 --- [http-nio-8080-exec-10] o.s.security.web.FilterChainProxy        : Securing GET /h2-console/tables.do?jsessionid=cc0d04dcecbf2944ac17a5795c961bc2
2026-05-30T17:44:08.774-03:00 DEBUG 31320 --- [http-nio-8080-exec-9] o.s.s.w.a.AnonymousAuthenticationFilter  : Set SecurityContextHolder to anonymous SecurityContext
2026-05-30T17:44:08.774-03:00 DEBUG 31320 --- [http-nio-8080-exec-10] o.s.s.w.a.AnonymousAuthenticationFilter  : Set SecurityContextHolder to anonymous SecurityContext
2026-05-30T17:44:08.774-03:00 DEBUG 31320 --- [http-nio-8080-exec-1] o.s.security.web.FilterChainProxy        : Securing GET /h2-console/query.jsp?jsessionid=cc0d04dcecbf2944ac17a5795c961bc2
2026-05-30T17:44:08.774-03:00 DEBUG 31320 --- [http-nio-8080-exec-3] o.s.security.web.FilterChainProxy        : Securing GET /h2-console/help.jsp?jsessionid=cc0d04dcecbf2944ac17a5795c961bc2
2026-05-30T17:44:08.774-03:00 DEBUG 31320 --- [http-nio-8080-exec-9] o.s.security.web.FilterChainProxy        : Secured GET /h2-console/header.jsp?jsessionid=cc0d04dcecbf2944ac17a5795c961bc2
2026-05-30T17:44:08.774-03:00 DEBUG 31320 --- [http-nio-8080-exec-10] o.s.security.web.FilterChainProxy        : Secured GET /h2-console/tables.do?jsessionid=cc0d04dcecbf2944ac17a5795c961bc2
2026-05-30T17:44:08.774-03:00 DEBUG 31320 --- [http-nio-8080-exec-1] o.s.s.w.a.AnonymousAuthenticationFilter  : Set SecurityContextHolder to anonymous SecurityContext
2026-05-30T17:44:08.774-03:00 DEBUG 31320 --- [http-nio-8080-exec-3] o.s.s.w.a.AnonymousAuthenticationFilter  : Set SecurityContextHolder to anonymous SecurityContext
2026-05-30T17:44:08.774-03:00 DEBUG 31320 --- [http-nio-8080-exec-1] o.s.security.web.FilterChainProxy        : Secured GET /h2-console/query.jsp?jsessionid=cc0d04dcecbf2944ac17a5795c961bc2
2026-05-30T17:44:08.774-03:00 DEBUG 31320 --- [http-nio-8080-exec-3] o.s.security.web.FilterChainProxy        : Secured GET /h2-console/help.jsp?jsessionid=cc0d04dcecbf2944ac17a5795c961bc2
2026-05-30T17:44:08.787-03:00 DEBUG 31320 --- [http-nio-8080-exec-4] o.s.security.web.FilterChainProxy        : Securing GET /h2-console/icon_disconnect.gif
2026-05-30T17:44:08.787-03:00 DEBUG 31320 --- [http-nio-8080-exec-2] o.s.security.web.FilterChainProxy        : Securing GET /h2-console/icon_line.gif
2026-05-30T17:44:08.788-03:00 DEBUG 31320 --- [http-nio-8080-exec-2] o.s.s.w.a.AnonymousAuthenticationFilter  : Set SecurityContextHolder to anonymous SecurityContext
2026-05-30T17:44:08.788-03:00 DEBUG 31320 --- [http-nio-8080-exec-4] o.s.s.w.a.AnonymousAuthenticationFilter  : Set SecurityContextHolder to anonymous SecurityContext
2026-05-30T17:44:08.788-03:00 DEBUG 31320 --- [http-nio-8080-exec-2] o.s.security.web.FilterChainProxy        : Secured GET /h2-console/icon_line.gif
2026-05-30T17:44:08.788-03:00 DEBUG 31320 --- [http-nio-8080-exec-4] o.s.security.web.FilterChainProxy        : Secured GET /h2-console/icon_disconnect.gif
2026-05-30T17:44:08.788-03:00 DEBUG 31320 --- [http-nio-8080-exec-5] o.s.security.web.FilterChainProxy        : Securing GET /h2-console/icon_help.gif
2026-05-30T17:44:08.789-03:00 DEBUG 31320 --- [http-nio-8080-exec-5] o.s.s.w.a.AnonymousAuthenticationFilter  : Set SecurityContextHolder to anonymous SecurityContext
2026-05-30T17:44:08.789-03:00 DEBUG 31320 --- [http-nio-8080-exec-8] o.s.security.web.FilterChainProxy        : Securing GET /h2-console/icon_history.gif
2026-05-30T17:44:08.789-03:00 DEBUG 31320 --- [http-nio-8080-exec-5] o.s.security.web.FilterChainProxy        : Secured GET /h2-console/icon_help.gif
2026-05-30T17:44:08.789-03:00 DEBUG 31320 --- [http-nio-8080-exec-8] o.s.s.w.a.AnonymousAuthenticationFilter  : Set SecurityContextHolder to anonymous SecurityContext
2026-05-30T17:44:08.789-03:00 DEBUG 31320 --- [http-nio-8080-exec-8] o.s.security.web.FilterChainProxy        : Secured GET /h2-console/icon_history.gif
2026-05-30T17:44:08.796-03:00 DEBUG 31320 --- [http-nio-8080-exec-7] o.s.security.web.FilterChainProxy        : Securing GET /h2-console/icon_refresh.gif
2026-05-30T17:44:08.796-03:00 DEBUG 31320 --- [http-nio-8080-exec-3] o.s.security.web.FilterChainProxy        : Securing GET /h2-console/icon_run.gif
2026-05-30T17:44:08.796-03:00 DEBUG 31320 --- [http-nio-8080-exec-6] o.s.security.web.FilterChainProxy        : Securing GET /h2-console/icon_rollback.gif
2026-05-30T17:44:08.796-03:00 DEBUG 31320 --- [http-nio-8080-exec-9] o.s.security.web.FilterChainProxy        : Securing GET /h2-console/icon_commit.gif
2026-05-30T17:44:08.796-03:00 DEBUG 31320 --- [http-nio-8080-exec-3] o.s.s.w.a.AnonymousAuthenticationFilter  : Set SecurityContextHolder to anonymous SecurityContext
2026-05-30T17:44:08.796-03:00 DEBUG 31320 --- [http-nio-8080-exec-6] o.s.s.w.a.AnonymousAuthenticationFilter  : Set SecurityContextHolder to anonymous SecurityContext
2026-05-30T17:44:08.796-03:00 DEBUG 31320 --- [http-nio-8080-exec-7] o.s.s.w.a.AnonymousAuthenticationFilter  : Set SecurityContextHolder to anonymous SecurityContext
2026-05-30T17:44:08.796-03:00 DEBUG 31320 --- [http-nio-8080-exec-9] o.s.s.w.a.AnonymousAuthenticationFilter  : Set SecurityContextHolder to anonymous SecurityContext
2026-05-30T17:44:08.797-03:00 DEBUG 31320 --- [http-nio-8080-exec-3] o.s.security.web.FilterChainProxy        : Secured GET /h2-console/icon_run.gif
2026-05-30T17:44:08.797-03:00 DEBUG 31320 --- [http-nio-8080-exec-6] o.s.security.web.FilterChainProxy        : Secured GET /h2-console/icon_rollback.gif
2026-05-30T17:44:08.797-03:00 DEBUG 31320 --- [http-nio-8080-exec-9] o.s.security.web.FilterChainProxy        : Secured GET /h2-console/icon_commit.gif
2026-05-30T17:44:08.797-03:00 DEBUG 31320 --- [http-nio-8080-exec-7] o.s.security.web.FilterChainProxy        : Secured GET /h2-console/icon_refresh.gif
2026-05-30T17:44:08.797-03:00 DEBUG 31320 --- [http-nio-8080-exec-1] o.s.security.web.FilterChainProxy        : Securing GET /h2-console/icon_run_selected.gif
2026-05-30T17:44:08.798-03:00 DEBUG 31320 --- [http-nio-8080-exec-1] o.s.s.w.a.AnonymousAuthenticationFilter  : Set SecurityContextHolder to anonymous SecurityContext
2026-05-30T17:44:08.798-03:00 DEBUG 31320 --- [http-nio-8080-exec-1] o.s.security.web.FilterChainProxy        : Secured GET /h2-console/icon_run_selected.gif
2026-05-30T17:44:08.801-03:00 DEBUG 31320 --- [http-nio-8080-exec-4] o.s.security.web.FilterChainProxy        : Securing GET /h2-console/icon_stop.gif
2026-05-30T17:44:08.801-03:00 DEBUG 31320 --- [http-nio-8080-exec-4] o.s.s.w.a.AnonymousAuthenticationFilter  : Set SecurityContextHolder to anonymous SecurityContext
2026-05-30T17:44:08.802-03:00 DEBUG 31320 --- [http-nio-8080-exec-4] o.s.security.web.FilterChainProxy        : Secured GET /h2-console/icon_stop.gif
2026-05-30T17:44:08.840-03:00 DEBUG 31320 --- [http-nio-8080-exec-2] o.s.security.web.FilterChainProxy        : Securing GET /h2-console/tree.js
2026-05-30T17:44:08.840-03:00 DEBUG 31320 --- [http-nio-8080-exec-2] o.s.s.w.a.AnonymousAuthenticationFilter  : Set SecurityContextHolder to anonymous SecurityContext
2026-05-30T17:44:08.840-03:00 DEBUG 31320 --- [http-nio-8080-exec-2] o.s.security.web.FilterChainProxy        : Secured GET /h2-console/tree.js
2026-05-30T17:44:08.849-03:00 DEBUG 31320 --- [http-nio-8080-exec-8] o.s.security.web.FilterChainProxy        : Securing GET /h2-console/tree_minus.gif
2026-05-30T17:44:08.849-03:00 DEBUG 31320 --- [http-nio-8080-exec-6] o.s.security.web.FilterChainProxy        : Securing GET /h2-console/tree_table.gif
2026-05-30T17:44:08.849-03:00 DEBUG 31320 --- [http-nio-8080-exec-7] o.s.security.web.FilterChainProxy        : Securing GET /h2-console/tree_database.gif
2026-05-30T17:44:08.849-03:00 DEBUG 31320 --- [http-nio-8080-exec-5] o.s.security.web.FilterChainProxy        : Securing GET /h2-console/tree_plus.gif
2026-05-30T17:44:08.849-03:00 DEBUG 31320 --- [http-nio-8080-exec-1] o.s.security.web.FilterChainProxy        : Securing GET /h2-console/tree_column.gif
2026-05-30T17:44:08.849-03:00 DEBUG 31320 --- [http-nio-8080-exec-9] o.s.security.web.FilterChainProxy        : Securing GET /h2-console/tree_empty.gif
2026-05-30T17:44:08.849-03:00 DEBUG 31320 --- [http-nio-8080-exec-6] o.s.s.w.a.AnonymousAuthenticationFilter  : Set SecurityContextHolder to anonymous SecurityContext
2026-05-30T17:44:08.849-03:00 DEBUG 31320 --- [http-nio-8080-exec-7] o.s.s.w.a.AnonymousAuthenticationFilter  : Set SecurityContextHolder to anonymous SecurityContext
2026-05-30T17:44:08.849-03:00 DEBUG 31320 --- [http-nio-8080-exec-5] o.s.s.w.a.AnonymousAuthenticationFilter  : Set SecurityContextHolder to anonymous SecurityContext
2026-05-30T17:44:08.849-03:00 DEBUG 31320 --- [http-nio-8080-exec-1] o.s.s.w.a.AnonymousAuthenticationFilter  : Set SecurityContextHolder to anonymous SecurityContext
2026-05-30T17:44:08.849-03:00 DEBUG 31320 --- [http-nio-8080-exec-8] o.s.s.w.a.AnonymousAuthenticationFilter  : Set SecurityContextHolder to anonymous SecurityContext
2026-05-30T17:44:08.850-03:00 DEBUG 31320 --- [http-nio-8080-exec-9] o.s.s.w.a.AnonymousAuthenticationFilter  : Set SecurityContextHolder to anonymous SecurityContext
2026-05-30T17:44:08.850-03:00 DEBUG 31320 --- [http-nio-8080-exec-5] o.s.security.web.FilterChainProxy        : Secured GET /h2-console/tree_plus.gif
2026-05-30T17:44:08.850-03:00 DEBUG 31320 --- [http-nio-8080-exec-6] o.s.security.web.FilterChainProxy        : Secured GET /h2-console/tree_table.gif
2026-05-30T17:44:08.850-03:00 DEBUG 31320 --- [http-nio-8080-exec-9] o.s.security.web.FilterChainProxy        : Secured GET /h2-console/tree_empty.gif
2026-05-30T17:44:08.850-03:00 DEBUG 31320 --- [http-nio-8080-exec-7] o.s.security.web.FilterChainProxy        : Secured GET /h2-console/tree_database.gif
2026-05-30T17:44:08.850-03:00 DEBUG 31320 --- [http-nio-8080-exec-1] o.s.security.web.FilterChainProxy        : Secured GET /h2-console/tree_column.gif
2026-05-30T17:44:08.850-03:00 DEBUG 31320 --- [http-nio-8080-exec-8] o.s.security.web.FilterChainProxy        : Secured GET /h2-console/tree_minus.gif
2026-05-30T17:44:08.856-03:00 DEBUG 31320 --- [http-nio-8080-exec-5] o.s.security.web.FilterChainProxy        : Securing GET /h2-console/tree_users.gif
2026-05-30T17:44:08.856-03:00 DEBUG 31320 --- [http-nio-8080-exec-3] o.s.security.web.FilterChainProxy        : Securing GET /h2-console/tree_type.gif
2026-05-30T17:44:08.856-03:00 DEBUG 31320 --- [http-nio-8080-exec-1] o.s.security.web.FilterChainProxy        : Securing GET /h2-console/tree_view.gif
2026-05-30T17:44:08.856-03:00 DEBUG 31320 --- [http-nio-8080-exec-2] o.s.security.web.FilterChainProxy        : Securing GET /h2-console/tree_folder.gif
2026-05-30T17:44:08.856-03:00 DEBUG 31320 --- [http-nio-8080-exec-10] o.s.security.web.FilterChainProxy        : Securing GET /h2-console/tree_index.gif
2026-05-30T17:44:08.856-03:00 DEBUG 31320 --- [http-nio-8080-exec-4] o.s.security.web.FilterChainProxy        : Securing GET /h2-console/tree_index_az.gif
2026-05-30T17:44:08.857-03:00 DEBUG 31320 --- [http-nio-8080-exec-1] o.s.s.w.a.AnonymousAuthenticationFilter  : Set SecurityContextHolder to anonymous SecurityContext
2026-05-30T17:44:08.857-03:00 DEBUG 31320 --- [http-nio-8080-exec-10] o.s.s.w.a.AnonymousAuthenticationFilter  : Set SecurityContextHolder to anonymous SecurityContext
2026-05-30T17:44:08.857-03:00 DEBUG 31320 --- [http-nio-8080-exec-2] o.s.s.w.a.AnonymousAuthenticationFilter  : Set SecurityContextHolder to anonymous SecurityContext
2026-05-30T17:44:08.857-03:00 DEBUG 31320 --- [http-nio-8080-exec-4] o.s.s.w.a.AnonymousAuthenticationFilter  : Set SecurityContextHolder to anonymous SecurityContext
2026-05-30T17:44:08.857-03:00 DEBUG 31320 --- [http-nio-8080-exec-3] o.s.s.w.a.AnonymousAuthenticationFilter  : Set SecurityContextHolder to anonymous SecurityContext
2026-05-30T17:44:08.857-03:00 DEBUG 31320 --- [http-nio-8080-exec-5] o.s.s.w.a.AnonymousAuthenticationFilter  : Set SecurityContextHolder to anonymous SecurityContext
2026-05-30T17:44:08.857-03:00 DEBUG 31320 --- [http-nio-8080-exec-2] o.s.security.web.FilterChainProxy        : Secured GET /h2-console/tree_folder.gif
2026-05-30T17:44:08.857-03:00 DEBUG 31320 --- [http-nio-8080-exec-1] o.s.security.web.FilterChainProxy        : Secured GET /h2-console/tree_view.gif
2026-05-30T17:44:08.857-03:00 DEBUG 31320 --- [http-nio-8080-exec-5] o.s.security.web.FilterChainProxy        : Secured GET /h2-console/tree_users.gif
2026-05-30T17:44:08.857-03:00 DEBUG 31320 --- [http-nio-8080-exec-10] o.s.security.web.FilterChainProxy        : Secured GET /h2-console/tree_index.gif
2026-05-30T17:44:08.857-03:00 DEBUG 31320 --- [http-nio-8080-exec-3] o.s.security.web.FilterChainProxy        : Secured GET /h2-console/tree_type.gif
2026-05-30T17:44:08.857-03:00 DEBUG 31320 --- [http-nio-8080-exec-4] o.s.security.web.FilterChainProxy        : Secured GET /h2-console/tree_index_az.gif
2026-05-30T17:44:08.862-03:00 DEBUG 31320 --- [http-nio-8080-exec-6] o.s.security.web.FilterChainProxy        : Securing GET /h2-console/tree_user.gif
2026-05-30T17:44:08.862-03:00 DEBUG 31320 --- [http-nio-8080-exec-7] o.s.security.web.FilterChainProxy        : Securing GET /h2-console/tree_info.gif
2026-05-30T17:44:08.862-03:00 DEBUG 31320 --- [http-nio-8080-exec-7] o.s.s.w.a.AnonymousAuthenticationFilter  : Set SecurityContextHolder to anonymous SecurityContext
2026-05-30T17:44:08.862-03:00 DEBUG 31320 --- [http-nio-8080-exec-6] o.s.s.w.a.AnonymousAuthenticationFilter  : Set SecurityContextHolder to anonymous SecurityContext
2026-05-30T17:44:08.863-03:00 DEBUG 31320 --- [http-nio-8080-exec-6] o.s.security.web.FilterChainProxy        : Secured GET /h2-console/tree_user.gif
2026-05-30T17:44:08.863-03:00 DEBUG 31320 --- [http-nio-8080-exec-7] o.s.security.web.FilterChainProxy        : Secured GET /h2-console/tree_info.gif
2026-05-30T17:44:08.871-03:00 DEBUG 31320 --- [http-nio-8080-exec-8] o.s.security.web.FilterChainProxy        : Securing GET /favicon.ico
2026-05-30T17:44:08.871-03:00 DEBUG 31320 --- [http-nio-8080-exec-8] o.s.s.w.a.AnonymousAuthenticationFilter  : Set SecurityContextHolder to anonymous SecurityContext
2026-05-30T17:44:08.872-03:00 DEBUG 31320 --- [http-nio-8080-exec-8] s.w.a.DelegatingAuthenticationEntryPoint : Trying to match using RequestHeaderRequestMatcher [expectedHeaderName=X-Requested-With, expectedHeaderValue=XMLHttpRequest]
2026-05-30T17:44:08.872-03:00 DEBUG 31320 --- [http-nio-8080-exec-8] s.w.a.DelegatingAuthenticationEntryPoint : No match found. Using default entry point org.springframework.security.web.authentication.www.BasicAuthenticationEntryPoint@20f35ec2
2026-05-30T17:44:08.872-03:00 DEBUG 31320 --- [http-nio-8080-exec-8] o.s.security.web.FilterChainProxy        : Securing GET /error
2026-05-30T17:44:08.872-03:00 DEBUG 31320 --- [http-nio-8080-exec-8] o.s.s.w.a.AnonymousAuthenticationFilter  : Set SecurityContextHolder to anonymous SecurityContext
2026-05-30T17:44:08.873-03:00 DEBUG 31320 --- [http-nio-8080-exec-8] s.w.a.DelegatingAuthenticationEntryPoint : Trying to match using RequestHeaderRequestMatcher [expectedHeaderName=X-Requested-With, expectedHeaderValue=XMLHttpRequest]
2026-05-30T17:44:08.873-03:00 DEBUG 31320 --- [http-nio-8080-exec-8] s.w.a.DelegatingAuthenticationEntryPoint : No match found. Using default entry point org.springframework.security.web.authentication.www.BasicAuthenticationEntryPoint@20f35ec2
2026-05-30T17:44:20.501-03:00 DEBUG 31320 --- [http-nio-8080-exec-9] o.s.security.web.FilterChainProxy        : Securing POST /h2-console/query.do?jsessionid=cc0d04dcecbf2944ac17a5795c961bc2
2026-05-30T17:44:20.501-03:00 DEBUG 31320 --- [http-nio-8080-exec-9] o.s.s.w.a.AnonymousAuthenticationFilter  : Set SecurityContextHolder to anonymous SecurityContext
2026-05-30T17:44:20.501-03:00 DEBUG 31320 --- [http-nio-8080-exec-9] o.s.security.web.FilterChainProxy        : Secured POST /h2-console/query.do?jsessionid=cc0d04dcecbf2944ac17a5795c961bc2
2026-05-30T17:44:20.516-03:00 DEBUG 31320 --- [http-nio-8080-exec-4] o.s.security.web.FilterChainProxy        : Securing GET /h2-console/stylesheet.css
2026-05-30T17:44:20.516-03:00 DEBUG 31320 --- [http-nio-8080-exec-2] o.s.security.web.FilterChainProxy        : Securing GET /h2-console/table.js
2026-05-30T17:44:20.516-03:00 DEBUG 31320 --- [http-nio-8080-exec-4] o.s.s.w.a.AnonymousAuthenticationFilter  : Set SecurityContextHolder to anonymous SecurityContext
2026-05-30T17:44:20.516-03:00 DEBUG 31320 --- [http-nio-8080-exec-2] o.s.s.w.a.AnonymousAuthenticationFilter  : Set SecurityContextHolder to anonymous SecurityContext
2026-05-30T17:44:20.516-03:00 DEBUG 31320 --- [http-nio-8080-exec-2] o.s.security.web.FilterChainProxy        : Secured GET /h2-console/table.js
2026-05-30T17:44:20.516-03:00 DEBUG 31320 --- [http-nio-8080-exec-4] o.s.security.web.FilterChainProxy        : Secured GET /h2-console/stylesheet.css
2026-05-30T17:44:23.511-03:00 DEBUG 31320 --- [http-nio-8080-exec-10] o.s.security.web.FilterChainProxy        : Securing POST /h2-console/query.do?jsessionid=cc0d04dcecbf2944ac17a5795c961bc2
2026-05-30T17:44:23.512-03:00 DEBUG 31320 --- [http-nio-8080-exec-10] o.s.s.w.a.AnonymousAuthenticationFilter  : Set SecurityContextHolder to anonymous SecurityContext
2026-05-30T17:44:23.512-03:00 DEBUG 31320 --- [http-nio-8080-exec-10] o.s.security.web.FilterChainProxy        : Secured POST /h2-console/query.do?jsessionid=cc0d04dcecbf2944ac17a5795c961bc2
2026-05-30T17:44:27.650-03:00 DEBUG 31320 --- [http-nio-8080-exec-5] o.s.security.web.FilterChainProxy        : Securing POST /h2-console/query.do?jsessionid=cc0d04dcecbf2944ac17a5795c961bc2
2026-05-30T17:44:27.651-03:00 DEBUG 31320 --- [http-nio-8080-exec-5] o.s.s.w.a.AnonymousAuthenticationFilter  : Set SecurityContextHolder to anonymous SecurityContext
2026-05-30T17:44:27.651-03:00 DEBUG 31320 --- [http-nio-8080-exec-5] o.s.security.web.FilterChainProxy        : Secured POST /h2-console/query.do?jsessionid=cc0d04dcecbf2944ac17a5795c961bc2
2026-05-30T17:47:45.313-03:00  INFO 18108 --- [main] Project.back_end.BackEndApplication      : Starting BackEndApplication using Java 21.0.11 with PID 18108 (E:\projects\CurriculumLattes\back_end\target\classes started by augus in E:\projects\CurriculumLattes)
2026-05-30T17:47:45.315-03:00  INFO 18108 --- [main] Project.back_end.BackEndApplication      : The following 1 profile is active: "prod"
2026-05-30T17:47:46.055-03:00  INFO 18108 --- [main] .s.d.r.c.RepositoryConfigurationDelegate : Bootstrapping Spring Data JPA repositories in DEFAULT mode.
2026-05-30T17:47:46.116-03:00  INFO 18108 --- [main] .s.d.r.c.RepositoryConfigurationDelegate : Finished Spring Data repository scanning in 50 ms. Found 2 JPA repository interfaces.
2026-05-30T17:47:46.612-03:00  INFO 18108 --- [main] o.s.b.w.embedded.tomcat.TomcatWebServer  : Tomcat initialized with port 8080 (http)
2026-05-30T17:47:46.626-03:00  INFO 18108 --- [main] o.apache.catalina.core.StandardService   : Starting service [Tomcat]
2026-05-30T17:47:46.627-03:00  INFO 18108 --- [main] o.apache.catalina.core.StandardEngine    : Starting Servlet engine: [Apache Tomcat/10.1.52]
2026-05-30T17:47:46.684-03:00  INFO 18108 --- [main] o.a.c.c.C.[Tomcat].[localhost].[/]       : Initializing Spring embedded WebApplicationContext
2026-05-30T17:47:46.684-03:00  INFO 18108 --- [main] w.s.c.ServletWebServerApplicationContext : Root WebApplicationContext: initialization completed in 1340 ms
2026-05-30T17:47:46.872-03:00  INFO 18108 --- [main] o.hibernate.jpa.internal.util.LogHelper  : HHH000204: Processing PersistenceUnitInfo [name: default]
2026-05-30T17:47:46.921-03:00  INFO 18108 --- [main] org.hibernate.Version                    : HHH000412: Hibernate ORM core version 6.6.42.Final
2026-05-30T17:47:46.954-03:00  INFO 18108 --- [main] o.h.c.internal.RegionFactoryInitiator    : HHH000026: Second-level cache disabled
2026-05-30T17:47:47.173-03:00  INFO 18108 --- [main] o.s.o.j.p.SpringPersistenceUnitInfo      : No LoadTimeWeaver setup: ignoring JPA class transformer
2026-05-30T17:47:47.198-03:00  INFO 18108 --- [main] com.zaxxer.hikari.HikariDataSource       : HikariPool-1 - Starting...
2026-05-30T17:47:47.317-03:00  INFO 18108 --- [main] com.zaxxer.hikari.pool.HikariPool        : HikariPool-1 - Added connection conn0: url=jdbc:h2:mem:testdb user=SA
2026-05-30T17:47:47.319-03:00  INFO 18108 --- [main] com.zaxxer.hikari.HikariDataSource       : HikariPool-1 - Start completed.
2026-05-30T17:47:47.357-03:00  INFO 18108 --- [main] org.hibernate.orm.connections.pooling    : HHH10001005: Database info:
	Database JDBC URL [Connecting through datasource 'HikariDataSource (HikariPool-1)']
	Database driver: undefined/unknown
	Database version: 2.3.232
	Autocommit mode: undefined/unknown
	Isolation level: undefined/unknown
	Minimum pool size: undefined/unknown
	Maximum pool size: undefined/unknown
2026-05-30T17:47:47.982-03:00  INFO 18108 --- [main] o.h.e.t.j.p.i.JtaPlatformInitiator       : HHH000489: No JTA platform available (set 'hibernate.transaction.jta.platform' to enable JTA platform integration)
2026-05-30T17:47:48.023-03:00  WARN 18108 --- [main] o.h.t.s.i.ExceptionHandlerLoggedImpl     : GenerationTarget encountered exception accepting command : Error executing DDL "insert into tb_user (name, phone, email, password, cpf,  created_at) values ('augusto', '3455-2748', 'augustoleal@gmail.com', '$2a$10$FUqjW4DqmVcpl71736.16uIP5J8A/GODt9q.t7mgACkqMRVQDIky2', '123.456.789-00', now())" via JDBC [Value too long for column "PASSWORD CHARACTER VARYING(32)": "'$2a$10$FUqjW4DqmVcpl71736.16uIP5J8A/GODt9q.t7mgACkqMRVQDIky2' (60)";]

org.hibernate.tool.schema.spi.CommandAcceptanceException: Error executing DDL "insert into tb_user (name, phone, email, password, cpf,  created_at) values ('augusto', '3455-2748', 'augustoleal@gmail.com', '$2a$10$FUqjW4DqmVcpl71736.16uIP5J8A/GODt9q.t7mgACkqMRVQDIky2', '123.456.789-00', now())" via JDBC [Value too long for column "PASSWORD CHARACTER VARYING(32)": "'$2a$10$FUqjW4DqmVcpl71736.16uIP5J8A/GODt9q.t7mgACkqMRVQDIky2' (60)";]
	at org.hibernate.tool.schema.internal.exec.GenerationTargetToDatabase.accept(GenerationTargetToDatabase.java:94) ~[hibernate-core-6.6.42.Final.jar:6.6.42.Final]
	at org.hibernate.tool.schema.internal.Helper.applySqlString(Helper.java:233) ~[hibernate-core-6.6.42.Final.jar:6.6.42.Final]
	at org.hibernate.tool.schema.internal.Helper.applyScript(Helper.java:255) ~[hibernate-core-6.6.42.Final.jar:6.6.42.Final]
	at org.hibernate.tool.schema.internal.SchemaCreatorImpl.applyImportFiles(SchemaCreatorImpl.java:694) ~[hibernate-core-6.6.42.Final.jar:6.6.42.Final]
	at org.hibernate.tool.schema.internal.SchemaCreatorImpl.applyImportSources(SchemaCreatorImpl.java:597) ~[hibernate-core-6.6.42.Final.jar:6.6.42.Final]
	at org.hibernate.tool.schema.internal.SchemaCreatorImpl.performCreation(SchemaCreatorImpl.java:186) ~[hibernate-core-6.6.42.Final.jar:6.6.42.Final]
	at org.hibernate.tool.schema.internal.SchemaCreatorImpl.doCreation(SchemaCreatorImpl.java:144) ~[hibernate-core-6.6.42.Final.jar:6.6.42.Final]
	at org.hibernate.tool.schema.internal.SchemaCreatorImpl.doCreation(SchemaCreatorImpl.java:120) ~[hibernate-core-6.6.42.Final.jar:6.6.42.Final]
	at org.hibernate.tool.schema.spi.SchemaManagementToolCoordinator.performDatabaseAction(SchemaManagementToolCoordinator.java:250) ~[hibernate-core-6.6.42.Final.jar:6.6.42.Final]
	at org.hibernate.tool.schema.spi.SchemaManagementToolCoordinator.lambda$process$5(SchemaManagementToolCoordinator.java:144) ~[hibernate-core-6.6.42.Final.jar:6.6.42.Final]
	at java.base/java.util.HashMap.forEach(HashMap.java:1429) ~[na:na]
	at org.hibernate.tool.schema.spi.SchemaManagementToolCoordinator.process(SchemaManagementToolCoordinator.java:141) ~[hibernate-core-6.6.42.Final.jar:6.6.42.Final]
	at org.hibernate.boot.internal.SessionFactoryObserverForSchemaExport.sessionFactoryCreated(SessionFactoryObserverForSchemaExport.java:37) ~[hibernate-core-6.6.42.Final.jar:6.6.42.Final]
	at org.hibernate.internal.SessionFactoryObserverChain.sessionFactoryCreated(SessionFactoryObserverChain.java:35) ~[hibernate-core-6.6.42.Final.jar:6.6.42.Final]
	at org.hibernate.internal.SessionFactoryImpl.<init>(SessionFactoryImpl.java:324) ~[hibernate-core-6.6.42.Final.jar:6.6.42.Final]
	at org.hibernate.boot.internal.SessionFactoryBuilderImpl.build(SessionFactoryBuilderImpl.java:463) ~[hibernate-core-6.6.42.Final.jar:6.6.42.Final]
	at org.hibernate.jpa.boot.internal.EntityManagerFactoryBuilderImpl.build(EntityManagerFactoryBuilderImpl.java:1517) ~[hibernate-core-6.6.42.Final.jar:6.6.42.Final]
	at org.springframework.orm.jpa.vendor.SpringHibernateJpaPersistenceProvider.createContainerEntityManagerFactory(SpringHibernateJpaPersistenceProvider.java:66) ~[spring-orm-6.2.16.jar:6.2.16]
	at org.springframework.orm.jpa.LocalContainerEntityManagerFactoryBean.createNativeEntityManagerFactory(LocalContainerEntityManagerFactoryBean.java:388) ~[spring-orm-6.2.16.jar:6.2.16]
	at org.springframework.orm.jpa.AbstractEntityManagerFactoryBean.buildNativeEntityManagerFactory(AbstractEntityManagerFactoryBean.java:419) ~[spring-orm-6.2.16.jar:6.2.16]
	at org.springframework.orm.jpa.AbstractEntityManagerFactoryBean.afterPropertiesSet(AbstractEntityManagerFactoryBean.java:400) ~[spring-orm-6.2.16.jar:6.2.16]
	at org.springframework.orm.jpa.LocalContainerEntityManagerFactoryBean.afterPropertiesSet(LocalContainerEntityManagerFactoryBean.java:364) ~[spring-orm-6.2.16.jar:6.2.16]
	at org.springframework.beans.factory.support.AbstractAutowireCapableBeanFactory.invokeInitMethods(AbstractAutowireCapableBeanFactory.java:1873) ~[spring-beans-6.2.16.jar:6.2.16]
	at org.springframework.beans.factory.support.AbstractAutowireCapableBeanFactory.initializeBean(AbstractAutowireCapableBeanFactory.java:1822) ~[spring-beans-6.2.16.jar:6.2.16]
	at org.springframework.beans.factory.support.AbstractAutowireCapableBeanFactory.doCreateBean(AbstractAutowireCapableBeanFactory.java:607) ~[spring-beans-6.2.16.jar:6.2.16]
	at org.springframework.beans.factory.support.AbstractAutowireCapableBeanFactory.createBean(AbstractAutowireCapableBeanFactory.java:529) ~[spring-beans-6.2.16.jar:6.2.16]
	at org.springframework.beans.factory.support.AbstractBeanFactory.lambda$doGetBean$0(AbstractBeanFactory.java:339) ~[spring-beans-6.2.16.jar:6.2.16]
	at org.springframework.beans.factory.support.DefaultSingletonBeanRegistry.getSingleton(DefaultSingletonBeanRegistry.java:373) ~[spring-beans-6.2.16.jar:6.2.16]
	at org.springframework.beans.factory.support.AbstractBeanFactory.doGetBean(AbstractBeanFactory.java:337) ~[spring-beans-6.2.16.jar:6.2.16]
	at org.springframework.beans.factory.support.AbstractBeanFactory.getBean(AbstractBeanFactory.java:207) ~[spring-beans-6.2.16.jar:6.2.16]
	at org.springframework.context.support.AbstractApplicationContext.finishBeanFactoryInitialization(AbstractApplicationContext.java:974) ~[spring-context-6.2.16.jar:6.2.16]
	at org.springframework.context.support.AbstractApplicationContext.refresh(AbstractApplicationContext.java:628) ~[spring-context-6.2.16.jar:6.2.16]
	at org.springframework.boot.web.servlet.context.ServletWebServerApplicationContext.refresh(ServletWebServerApplicationContext.java:146) ~[spring-boot-3.5.11.jar:3.5.11]
	at org.springframework.boot.SpringApplication.refresh(SpringApplication.java:752) ~[spring-boot-3.5.11.jar:3.5.11]
	at org.springframework.boot.SpringApplication.refreshContext(SpringApplication.java:439) ~[spring-boot-3.5.11.jar:3.5.11]
	at org.springframework.boot.SpringApplication.run(SpringApplication.java:318) ~[spring-boot-3.5.11.jar:3.5.11]
	at org.springframework.boot.SpringApplication.run(SpringApplication.java:1361) ~[spring-boot-3.5.11.jar:3.5.11]
	at org.springframework.boot.SpringApplication.run(SpringApplication.java:1350) ~[spring-boot-3.5.11.jar:3.5.11]
	at Project.back_end.BackEndApplication.main(BackEndApplication.java:26) ~[classes/:na]
Caused by: org.h2.jdbc.JdbcSQLDataException: Value too long for column "PASSWORD CHARACTER VARYING(32)": "'$2a$10$FUqjW4DqmVcpl71736.16uIP5J8A/GODt9q.t7mgACkqMRVQDIky2' (60)"; SQL statement:
insert into tb_user (name, phone, email, password, cpf,  created_at) values ('augusto', '3455-2748', 'augustoleal@gmail.com', '$2a$10$FUqjW4DqmVcpl71736.16uIP5J8A/GODt9q.t7mgACkqMRVQDIky2', '123.456.789-00', now()) [22001-232]
	at org.h2.message.DbException.getJdbcSQLException(DbException.java:518) ~[h2-2.3.232.jar:2.3.232]
	at org.h2.message.DbException.getJdbcSQLException(DbException.java:489) ~[h2-2.3.232.jar:2.3.232]
	at org.h2.message.DbException.get(DbException.java:223) ~[h2-2.3.232.jar:2.3.232]
	at org.h2.message.DbException.getValueTooLongException(DbException.java:334) ~[h2-2.3.232.jar:2.3.232]
	at org.h2.value.Value.getValueTooLongException(Value.java:2612) ~[h2-2.3.232.jar:2.3.232]
	at org.h2.value.Value.convertToVarchar(Value.java:1287) ~[h2-2.3.232.jar:2.3.232]
	at org.h2.value.Value.convertTo(Value.java:1143) ~[h2-2.3.232.jar:2.3.232]
	at org.h2.value.Value.convertForAssignTo(Value.java:1118) ~[h2-2.3.232.jar:2.3.232]
	at org.h2.table.Column.validateConvertUpdateSequence(Column.java:406) ~[h2-2.3.232.jar:2.3.232]
	at org.h2.table.Table.convertInsertRow(Table.java:963) ~[h2-2.3.232.jar:2.3.232]
	at org.h2.command.dml.Insert.insertRows(Insert.java:167) ~[h2-2.3.232.jar:2.3.232]
	at org.h2.command.dml.Insert.update(Insert.java:135) ~[h2-2.3.232.jar:2.3.232]
	at org.h2.command.dml.DataChangeStatement.update(DataChangeStatement.java:74) ~[h2-2.3.232.jar:2.3.232]
	at org.h2.command.CommandContainer.update(CommandContainer.java:139) ~[h2-2.3.232.jar:2.3.232]
	at org.h2.command.Command.executeUpdate(Command.java:304) ~[h2-2.3.232.jar:2.3.232]
	at org.h2.command.Command.executeUpdate(Command.java:248) ~[h2-2.3.232.jar:2.3.232]
	at org.h2.jdbc.JdbcStatement.executeInternal(JdbcStatement.java:262) ~[h2-2.3.232.jar:2.3.232]
	at org.h2.jdbc.JdbcStatement.execute(JdbcStatement.java:231) ~[h2-2.3.232.jar:2.3.232]
	at com.zaxxer.hikari.pool.ProxyStatement.execute(ProxyStatement.java:95) ~[HikariCP-6.3.3.jar:na]
	at com.zaxxer.hikari.pool.HikariProxyStatement.execute(HikariProxyStatement.java) ~[HikariCP-6.3.3.jar:na]
	at org.hibernate.tool.schema.internal.exec.GenerationTargetToDatabase.accept(GenerationTargetToDatabase.java:80) ~[hibernate-core-6.6.42.Final.jar:6.6.42.Final]
	... 38 common frames omitted

2026-05-30T17:47:48.027-03:00  WARN 18108 --- [main] o.h.t.s.i.ExceptionHandlerLoggedImpl     : GenerationTarget encountered exception accepting command : Error executing DDL "insert into tb_user (name, phone, email, password, cpf, created_at) values ('Claudio', '3425-1734', 'claudio@gmail.com', '$2a$10$FUqjW4DqmVcpl71736.16uIP5J8A/GODt9q.t7mgACkqMRVQDIky2', '987.654.321-00', now())" via JDBC [Value too long for column "PASSWORD CHARACTER VARYING(32)": "'$2a$10$FUqjW4DqmVcpl71736.16uIP5J8A/GODt9q.t7mgACkqMRVQDIky2' (60)";]

org.hibernate.tool.schema.spi.CommandAcceptanceException: Error executing DDL "insert into tb_user (name, phone, email, password, cpf, created_at) values ('Claudio', '3425-1734', 'claudio@gmail.com', '$2a$10$FUqjW4DqmVcpl71736.16uIP5J8A/GODt9q.t7mgACkqMRVQDIky2', '987.654.321-00', now())" via JDBC [Value too long for column "PASSWORD CHARACTER VARYING(32)": "'$2a$10$FUqjW4DqmVcpl71736.16uIP5J8A/GODt9q.t7mgACkqMRVQDIky2' (60)";]
	at org.hibernate.tool.schema.internal.exec.GenerationTargetToDatabase.accept(GenerationTargetToDatabase.java:94) ~[hibernate-core-6.6.42.Final.jar:6.6.42.Final]
	at org.hibernate.tool.schema.internal.Helper.applySqlString(Helper.java:233) ~[hibernate-core-6.6.42.Final.jar:6.6.42.Final]
	at org.hibernate.tool.schema.internal.Helper.applyScript(Helper.java:255) ~[hibernate-core-6.6.42.Final.jar:6.6.42.Final]
	at org.hibernate.tool.schema.internal.SchemaCreatorImpl.applyImportFiles(SchemaCreatorImpl.java:694) ~[hibernate-core-6.6.42.Final.jar:6.6.42.Final]
	at org.hibernate.tool.schema.internal.SchemaCreatorImpl.applyImportSources(SchemaCreatorImpl.java:597) ~[hibernate-core-6.6.42.Final.jar:6.6.42.Final]
	at org.hibernate.tool.schema.internal.SchemaCreatorImpl.performCreation(SchemaCreatorImpl.java:186) ~[hibernate-core-6.6.42.Final.jar:6.6.42.Final]
	at org.hibernate.tool.schema.internal.SchemaCreatorImpl.doCreation(SchemaCreatorImpl.java:144) ~[hibernate-core-6.6.42.Final.jar:6.6.42.Final]
	at org.hibernate.tool.schema.internal.SchemaCreatorImpl.doCreation(SchemaCreatorImpl.java:120) ~[hibernate-core-6.6.42.Final.jar:6.6.42.Final]
	at org.hibernate.tool.schema.spi.SchemaManagementToolCoordinator.performDatabaseAction(SchemaManagementToolCoordinator.java:250) ~[hibernate-core-6.6.42.Final.jar:6.6.42.Final]
	at org.hibernate.tool.schema.spi.SchemaManagementToolCoordinator.lambda$process$5(SchemaManagementToolCoordinator.java:144) ~[hibernate-core-6.6.42.Final.jar:6.6.42.Final]
	at java.base/java.util.HashMap.forEach(HashMap.java:1429) ~[na:na]
	at org.hibernate.tool.schema.spi.SchemaManagementToolCoordinator.process(SchemaManagementToolCoordinator.java:141) ~[hibernate-core-6.6.42.Final.jar:6.6.42.Final]
	at org.hibernate.boot.internal.SessionFactoryObserverForSchemaExport.sessionFactoryCreated(SessionFactoryObserverForSchemaExport.java:37) ~[hibernate-core-6.6.42.Final.jar:6.6.42.Final]
	at org.hibernate.internal.SessionFactoryObserverChain.sessionFactoryCreated(SessionFactoryObserverChain.java:35) ~[hibernate-core-6.6.42.Final.jar:6.6.42.Final]
	at org.hibernate.internal.SessionFactoryImpl.<init>(SessionFactoryImpl.java:324) ~[hibernate-core-6.6.42.Final.jar:6.6.42.Final]
	at org.hibernate.boot.internal.SessionFactoryBuilderImpl.build(SessionFactoryBuilderImpl.java:463) ~[hibernate-core-6.6.42.Final.jar:6.6.42.Final]
	at org.hibernate.jpa.boot.internal.EntityManagerFactoryBuilderImpl.build(EntityManagerFactoryBuilderImpl.java:1517) ~[hibernate-core-6.6.42.Final.jar:6.6.42.Final]
	at org.springframework.orm.jpa.vendor.SpringHibernateJpaPersistenceProvider.createContainerEntityManagerFactory(SpringHibernateJpaPersistenceProvider.java:66) ~[spring-orm-6.2.16.jar:6.2.16]
	at org.springframework.orm.jpa.LocalContainerEntityManagerFactoryBean.createNativeEntityManagerFactory(LocalContainerEntityManagerFactoryBean.java:388) ~[spring-orm-6.2.16.jar:6.2.16]
	at org.springframework.orm.jpa.AbstractEntityManagerFactoryBean.buildNativeEntityManagerFactory(AbstractEntityManagerFactoryBean.java:419) ~[spring-orm-6.2.16.jar:6.2.16]
	at org.springframework.orm.jpa.AbstractEntityManagerFactoryBean.afterPropertiesSet(AbstractEntityManagerFactoryBean.java:400) ~[spring-orm-6.2.16.jar:6.2.16]
	at org.springframework.orm.jpa.LocalContainerEntityManagerFactoryBean.afterPropertiesSet(LocalContainerEntityManagerFactoryBean.java:364) ~[spring-orm-6.2.16.jar:6.2.16]
	at org.springframework.beans.factory.support.AbstractAutowireCapableBeanFactory.invokeInitMethods(AbstractAutowireCapableBeanFactory.java:1873) ~[spring-beans-6.2.16.jar:6.2.16]
	at org.springframework.beans.factory.support.AbstractAutowireCapableBeanFactory.initializeBean(AbstractAutowireCapableBeanFactory.java:1822) ~[spring-beans-6.2.16.jar:6.2.16]
	at org.springframework.beans.factory.support.AbstractAutowireCapableBeanFactory.doCreateBean(AbstractAutowireCapableBeanFactory.java:607) ~[spring-beans-6.2.16.jar:6.2.16]
	at org.springframework.beans.factory.support.AbstractAutowireCapableBeanFactory.createBean(AbstractAutowireCapableBeanFactory.java:529) ~[spring-beans-6.2.16.jar:6.2.16]
	at org.springframework.beans.factory.support.AbstractBeanFactory.lambda$doGetBean$0(AbstractBeanFactory.java:339) ~[spring-beans-6.2.16.jar:6.2.16]
	at org.springframework.beans.factory.support.DefaultSingletonBeanRegistry.getSingleton(DefaultSingletonBeanRegistry.java:373) ~[spring-beans-6.2.16.jar:6.2.16]
	at org.springframework.beans.factory.support.AbstractBeanFactory.doGetBean(AbstractBeanFactory.java:337) ~[spring-beans-6.2.16.jar:6.2.16]
	at org.springframework.beans.factory.support.AbstractBeanFactory.getBean(AbstractBeanFactory.java:207) ~[spring-beans-6.2.16.jar:6.2.16]
	at org.springframework.context.support.AbstractApplicationContext.finishBeanFactoryInitialization(AbstractApplicationContext.java:974) ~[spring-context-6.2.16.jar:6.2.16]
	at org.springframework.context.support.AbstractApplicationContext.refresh(AbstractApplicationContext.java:628) ~[spring-context-6.2.16.jar:6.2.16]
	at org.springframework.boot.web.servlet.context.ServletWebServerApplicationContext.refresh(ServletWebServerApplicationContext.java:146) ~[spring-boot-3.5.11.jar:3.5.11]
	at org.springframework.boot.SpringApplication.refresh(SpringApplication.java:752) ~[spring-boot-3.5.11.jar:3.5.11]
	at org.springframework.boot.SpringApplication.refreshContext(SpringApplication.java:439) ~[spring-boot-3.5.11.jar:3.5.11]
	at org.springframework.boot.SpringApplication.run(SpringApplication.java:318) ~[spring-boot-3.5.11.jar:3.5.11]
	at org.springframework.boot.SpringApplication.run(SpringApplication.java:1361) ~[spring-boot-3.5.11.jar:3.5.11]
	at org.springframework.boot.SpringApplication.run(SpringApplication.java:1350) ~[spring-boot-3.5.11.jar:3.5.11]
	at Project.back_end.BackEndApplication.main(BackEndApplication.java:26) ~[classes/:na]
Caused by: org.h2.jdbc.JdbcSQLDataException: Value too long for column "PASSWORD CHARACTER VARYING(32)": "'$2a$10$FUqjW4DqmVcpl71736.16uIP5J8A/GODt9q.t7mgACkqMRVQDIky2' (60)"; SQL statement:
insert into tb_user (name, phone, email, password, cpf, created_at) values ('Claudio', '3425-1734', 'claudio@gmail.com', '$2a$10$FUqjW4DqmVcpl71736.16uIP5J8A/GODt9q.t7mgACkqMRVQDIky2', '987.654.321-00', now()) [22001-232]
	at org.h2.message.DbException.getJdbcSQLException(DbException.java:518) ~[h2-2.3.232.jar:2.3.232]
	at org.h2.message.DbException.getJdbcSQLException(DbException.java:489) ~[h2-2.3.232.jar:2.3.232]
	at org.h2.message.DbException.get(DbException.java:223) ~[h2-2.3.232.jar:2.3.232]
	at org.h2.message.DbException.getValueTooLongException(DbException.java:334) ~[h2-2.3.232.jar:2.3.232]
	at org.h2.value.Value.getValueTooLongException(Value.java:2612) ~[h2-2.3.232.jar:2.3.232]
	at org.h2.value.Value.convertToVarchar(Value.java:1287) ~[h2-2.3.232.jar:2.3.232]
	at org.h2.value.Value.convertTo(Value.java:1143) ~[h2-2.3.232.jar:2.3.232]
	at org.h2.value.Value.convertForAssignTo(Value.java:1118) ~[h2-2.3.232.jar:2.3.232]
	at org.h2.table.Column.validateConvertUpdateSequence(Column.java:406) ~[h2-2.3.232.jar:2.3.232]
	at org.h2.table.Table.convertInsertRow(Table.java:963) ~[h2-2.3.232.jar:2.3.232]
	at org.h2.command.dml.Insert.insertRows(Insert.java:167) ~[h2-2.3.232.jar:2.3.232]
	at org.h2.command.dml.Insert.update(Insert.java:135) ~[h2-2.3.232.jar:2.3.232]
	at org.h2.command.dml.DataChangeStatement.update(DataChangeStatement.java:74) ~[h2-2.3.232.jar:2.3.232]
	at org.h2.command.CommandContainer.update(CommandContainer.java:139) ~[h2-2.3.232.jar:2.3.232]
	at org.h2.command.Command.executeUpdate(Command.java:304) ~[h2-2.3.232.jar:2.3.232]
	at org.h2.command.Command.executeUpdate(Command.java:248) ~[h2-2.3.232.jar:2.3.232]
	at org.h2.jdbc.JdbcStatement.executeInternal(JdbcStatement.java:262) ~[h2-2.3.232.jar:2.3.232]
	at org.h2.jdbc.JdbcStatement.execute(JdbcStatement.java:231) ~[h2-2.3.232.jar:2.3.232]
	at com.zaxxer.hikari.pool.ProxyStatement.execute(ProxyStatement.java:95) ~[HikariCP-6.3.3.jar:na]
	at com.zaxxer.hikari.pool.HikariProxyStatement.execute(HikariProxyStatement.java) ~[HikariCP-6.3.3.jar:na]
	at org.hibernate.tool.schema.internal.exec.GenerationTargetToDatabase.accept(GenerationTargetToDatabase.java:80) ~[hibernate-core-6.6.42.Final.jar:6.6.42.Final]
	... 38 common frames omitted

2026-05-30T17:47:48.029-03:00  WARN 18108 --- [main] o.h.t.s.i.ExceptionHandlerLoggedImpl     : GenerationTarget encountered exception accepting command : Error executing DDL "insert into tb_user_perfil(id_user, id_perfil) values (1, 1)" via JDBC [Referential integrity constraint violation: "FKEX75KNQTCYB5RVBOABI57DX2O: PUBLIC.TB_USER_PERFIL FOREIGN KEY(ID_USER) REFERENCES PUBLIC.TB_USER(ID) (CAST(1 AS BIGINT))";]

org.hibernate.tool.schema.spi.CommandAcceptanceException: Error executing DDL "insert into tb_user_perfil(id_user, id_perfil) values (1, 1)" via JDBC [Referential integrity constraint violation: "FKEX75KNQTCYB5RVBOABI57DX2O: PUBLIC.TB_USER_PERFIL FOREIGN KEY(ID_USER) REFERENCES PUBLIC.TB_USER(ID) (CAST(1 AS BIGINT))";]
	at org.hibernate.tool.schema.internal.exec.GenerationTargetToDatabase.accept(GenerationTargetToDatabase.java:94) ~[hibernate-core-6.6.42.Final.jar:6.6.42.Final]
	at org.hibernate.tool.schema.internal.Helper.applySqlString(Helper.java:233) ~[hibernate-core-6.6.42.Final.jar:6.6.42.Final]
	at org.hibernate.tool.schema.internal.Helper.applyScript(Helper.java:255) ~[hibernate-core-6.6.42.Final.jar:6.6.42.Final]
	at org.hibernate.tool.schema.internal.SchemaCreatorImpl.applyImportFiles(SchemaCreatorImpl.java:694) ~[hibernate-core-6.6.42.Final.jar:6.6.42.Final]
	at org.hibernate.tool.schema.internal.SchemaCreatorImpl.applyImportSources(SchemaCreatorImpl.java:597) ~[hibernate-core-6.6.42.Final.jar:6.6.42.Final]
	at org.hibernate.tool.schema.internal.SchemaCreatorImpl.performCreation(SchemaCreatorImpl.java:186) ~[hibernate-core-6.6.42.Final.jar:6.6.42.Final]
	at org.hibernate.tool.schema.internal.SchemaCreatorImpl.doCreation(SchemaCreatorImpl.java:144) ~[hibernate-core-6.6.42.Final.jar:6.6.42.Final]
	at org.hibernate.tool.schema.internal.SchemaCreatorImpl.doCreation(SchemaCreatorImpl.java:120) ~[hibernate-core-6.6.42.Final.jar:6.6.42.Final]
	at org.hibernate.tool.schema.spi.SchemaManagementToolCoordinator.performDatabaseAction(SchemaManagementToolCoordinator.java:250) ~[hibernate-core-6.6.42.Final.jar:6.6.42.Final]
	at org.hibernate.tool.schema.spi.SchemaManagementToolCoordinator.lambda$process$5(SchemaManagementToolCoordinator.java:144) ~[hibernate-core-6.6.42.Final.jar:6.6.42.Final]
	at java.base/java.util.HashMap.forEach(HashMap.java:1429) ~[na:na]
	at org.hibernate.tool.schema.spi.SchemaManagementToolCoordinator.process(SchemaManagementToolCoordinator.java:141) ~[hibernate-core-6.6.42.Final.jar:6.6.42.Final]
	at org.hibernate.boot.internal.SessionFactoryObserverForSchemaExport.sessionFactoryCreated(SessionFactoryObserverForSchemaExport.java:37) ~[hibernate-core-6.6.42.Final.jar:6.6.42.Final]
	at org.hibernate.internal.SessionFactoryObserverChain.sessionFactoryCreated(SessionFactoryObserverChain.java:35) ~[hibernate-core-6.6.42.Final.jar:6.6.42.Final]
	at org.hibernate.internal.SessionFactoryImpl.<init>(SessionFactoryImpl.java:324) ~[hibernate-core-6.6.42.Final.jar:6.6.42.Final]
	at org.hibernate.boot.internal.SessionFactoryBuilderImpl.build(SessionFactoryBuilderImpl.java:463) ~[hibernate-core-6.6.42.Final.jar:6.6.42.Final]
	at org.hibernate.jpa.boot.internal.EntityManagerFactoryBuilderImpl.build(EntityManagerFactoryBuilderImpl.java:1517) ~[hibernate-core-6.6.42.Final.jar:6.6.42.Final]
	at org.springframework.orm.jpa.vendor.SpringHibernateJpaPersistenceProvider.createContainerEntityManagerFactory(SpringHibernateJpaPersistenceProvider.java:66) ~[spring-orm-6.2.16.jar:6.2.16]
	at org.springframework.orm.jpa.LocalContainerEntityManagerFactoryBean.createNativeEntityManagerFactory(LocalContainerEntityManagerFactoryBean.java:388) ~[spring-orm-6.2.16.jar:6.2.16]
	at org.springframework.orm.jpa.AbstractEntityManagerFactoryBean.buildNativeEntityManagerFactory(AbstractEntityManagerFactoryBean.java:419) ~[spring-orm-6.2.16.jar:6.2.16]
	at org.springframework.orm.jpa.AbstractEntityManagerFactoryBean.afterPropertiesSet(AbstractEntityManagerFactoryBean.java:400) ~[spring-orm-6.2.16.jar:6.2.16]
	at org.springframework.orm.jpa.LocalContainerEntityManagerFactoryBean.afterPropertiesSet(LocalContainerEntityManagerFactoryBean.java:364) ~[spring-orm-6.2.16.jar:6.2.16]
	at org.springframework.beans.factory.support.AbstractAutowireCapableBeanFactory.invokeInitMethods(AbstractAutowireCapableBeanFactory.java:1873) ~[spring-beans-6.2.16.jar:6.2.16]
	at org.springframework.beans.factory.support.AbstractAutowireCapableBeanFactory.initializeBean(AbstractAutowireCapableBeanFactory.java:1822) ~[spring-beans-6.2.16.jar:6.2.16]
	at org.springframework.beans.factory.support.AbstractAutowireCapableBeanFactory.doCreateBean(AbstractAutowireCapableBeanFactory.java:607) ~[spring-beans-6.2.16.jar:6.2.16]
	at org.springframework.beans.factory.support.AbstractAutowireCapableBeanFactory.createBean(AbstractAutowireCapableBeanFactory.java:529) ~[spring-beans-6.2.16.jar:6.2.16]
	at org.springframework.beans.factory.support.AbstractBeanFactory.lambda$doGetBean$0(AbstractBeanFactory.java:339) ~[spring-beans-6.2.16.jar:6.2.16]
	at org.springframework.beans.factory.support.DefaultSingletonBeanRegistry.getSingleton(DefaultSingletonBeanRegistry.java:373) ~[spring-beans-6.2.16.jar:6.2.16]
	at org.springframework.beans.factory.support.AbstractBeanFactory.doGetBean(AbstractBeanFactory.java:337) ~[spring-beans-6.2.16.jar:6.2.16]
	at org.springframework.beans.factory.support.AbstractBeanFactory.getBean(AbstractBeanFactory.java:207) ~[spring-beans-6.2.16.jar:6.2.16]
	at org.springframework.context.support.AbstractApplicationContext.finishBeanFactoryInitialization(AbstractApplicationContext.java:974) ~[spring-context-6.2.16.jar:6.2.16]
	at org.springframework.context.support.AbstractApplicationContext.refresh(AbstractApplicationContext.java:628) ~[spring-context-6.2.16.jar:6.2.16]
	at org.springframework.boot.web.servlet.context.ServletWebServerApplicationContext.refresh(ServletWebServerApplicationContext.java:146) ~[spring-boot-3.5.11.jar:3.5.11]
	at org.springframework.boot.SpringApplication.refresh(SpringApplication.java:752) ~[spring-boot-3.5.11.jar:3.5.11]
	at org.springframework.boot.SpringApplication.refreshContext(SpringApplication.java:439) ~[spring-boot-3.5.11.jar:3.5.11]
	at org.springframework.boot.SpringApplication.run(SpringApplication.java:318) ~[spring-boot-3.5.11.jar:3.5.11]
	at org.springframework.boot.SpringApplication.run(SpringApplication.java:1361) ~[spring-boot-3.5.11.jar:3.5.11]
	at org.springframework.boot.SpringApplication.run(SpringApplication.java:1350) ~[spring-boot-3.5.11.jar:3.5.11]
	at Project.back_end.BackEndApplication.main(BackEndApplication.java:26) ~[classes/:na]
Caused by: org.h2.jdbc.JdbcSQLIntegrityConstraintViolationException: Referential integrity constraint violation: "FKEX75KNQTCYB5RVBOABI57DX2O: PUBLIC.TB_USER_PERFIL FOREIGN KEY(ID_USER) REFERENCES PUBLIC.TB_USER(ID) (CAST(1 AS BIGINT))"; SQL statement:
insert into tb_user_perfil(id_user, id_perfil) values (1, 1) [23506-232]
	at org.h2.message.DbException.getJdbcSQLException(DbException.java:520) ~[h2-2.3.232.jar:2.3.232]
	at org.h2.message.DbException.getJdbcSQLException(DbException.java:489) ~[h2-2.3.232.jar:2.3.232]
	at org.h2.message.DbException.get(DbException.java:223) ~[h2-2.3.232.jar:2.3.232]
	at org.h2.message.DbException.get(DbException.java:199) ~[h2-2.3.232.jar:2.3.232]
	at org.h2.constraint.ConstraintReferential.checkRowOwnTable(ConstraintReferential.java:308) ~[h2-2.3.232.jar:2.3.232]
	at org.h2.constraint.ConstraintReferential.checkRow(ConstraintReferential.java:249) ~[h2-2.3.232.jar:2.3.232]
	at org.h2.table.Table.fireConstraints(Table.java:1227) ~[h2-2.3.232.jar:2.3.232]
	at org.h2.table.Table.fireAfterRow(Table.java:1245) ~[h2-2.3.232.jar:2.3.232]
	at org.h2.command.dml.Insert.insertRows(Insert.java:188) ~[h2-2.3.232.jar:2.3.232]
	at org.h2.command.dml.Insert.update(Insert.java:135) ~[h2-2.3.232.jar:2.3.232]
	at org.h2.command.dml.DataChangeStatement.update(DataChangeStatement.java:74) ~[h2-2.3.232.jar:2.3.232]
	at org.h2.command.CommandContainer.update(CommandContainer.java:139) ~[h2-2.3.232.jar:2.3.232]
	at org.h2.command.Command.executeUpdate(Command.java:304) ~[h2-2.3.232.jar:2.3.232]
	at org.h2.command.Command.executeUpdate(Command.java:248) ~[h2-2.3.232.jar:2.3.232]
	at org.h2.jdbc.JdbcStatement.executeInternal(JdbcStatement.java:262) ~[h2-2.3.232.jar:2.3.232]
	at org.h2.jdbc.JdbcStatement.execute(JdbcStatement.java:231) ~[h2-2.3.232.jar:2.3.232]
	at com.zaxxer.hikari.pool.ProxyStatement.execute(ProxyStatement.java:95) ~[HikariCP-6.3.3.jar:na]
	at com.zaxxer.hikari.pool.HikariProxyStatement.execute(HikariProxyStatement.java) ~[HikariCP-6.3.3.jar:na]
	at org.hibernate.tool.schema.internal.exec.GenerationTargetToDatabase.accept(GenerationTargetToDatabase.java:80) ~[hibernate-core-6.6.42.Final.jar:6.6.42.Final]
	... 38 common frames omitted

2026-05-30T17:47:48.030-03:00  WARN 18108 --- [main] o.h.t.s.i.ExceptionHandlerLoggedImpl     : GenerationTarget encountered exception accepting command : Error executing DDL "insert into tb_user_perfil(id_user, id_perfil) values (2, 2)" via JDBC [Referential integrity constraint violation: "FKEX75KNQTCYB5RVBOABI57DX2O: PUBLIC.TB_USER_PERFIL FOREIGN KEY(ID_USER) REFERENCES PUBLIC.TB_USER(ID) (CAST(2 AS BIGINT))";]

org.hibernate.tool.schema.spi.CommandAcceptanceException: Error executing DDL "insert into tb_user_perfil(id_user, id_perfil) values (2, 2)" via JDBC [Referential integrity constraint violation: "FKEX75KNQTCYB5RVBOABI57DX2O: PUBLIC.TB_USER_PERFIL FOREIGN KEY(ID_USER) REFERENCES PUBLIC.TB_USER(ID) (CAST(2 AS BIGINT))";]
	at org.hibernate.tool.schema.internal.exec.GenerationTargetToDatabase.accept(GenerationTargetToDatabase.java:94) ~[hibernate-core-6.6.42.Final.jar:6.6.42.Final]
	at org.hibernate.tool.schema.internal.Helper.applySqlString(Helper.java:233) ~[hibernate-core-6.6.42.Final.jar:6.6.42.Final]
	at org.hibernate.tool.schema.internal.Helper.applyScript(Helper.java:255) ~[hibernate-core-6.6.42.Final.jar:6.6.42.Final]
	at org.hibernate.tool.schema.internal.SchemaCreatorImpl.applyImportFiles(SchemaCreatorImpl.java:694) ~[hibernate-core-6.6.42.Final.jar:6.6.42.Final]
	at org.hibernate.tool.schema.internal.SchemaCreatorImpl.applyImportSources(SchemaCreatorImpl.java:597) ~[hibernate-core-6.6.42.Final.jar:6.6.42.Final]
	at org.hibernate.tool.schema.internal.SchemaCreatorImpl.performCreation(SchemaCreatorImpl.java:186) ~[hibernate-core-6.6.42.Final.jar:6.6.42.Final]
	at org.hibernate.tool.schema.internal.SchemaCreatorImpl.doCreation(SchemaCreatorImpl.java:144) ~[hibernate-core-6.6.42.Final.jar:6.6.42.Final]
	at org.hibernate.tool.schema.internal.SchemaCreatorImpl.doCreation(SchemaCreatorImpl.java:120) ~[hibernate-core-6.6.42.Final.jar:6.6.42.Final]
	at org.hibernate.tool.schema.spi.SchemaManagementToolCoordinator.performDatabaseAction(SchemaManagementToolCoordinator.java:250) ~[hibernate-core-6.6.42.Final.jar:6.6.42.Final]
	at org.hibernate.tool.schema.spi.SchemaManagementToolCoordinator.lambda$process$5(SchemaManagementToolCoordinator.java:144) ~[hibernate-core-6.6.42.Final.jar:6.6.42.Final]
	at java.base/java.util.HashMap.forEach(HashMap.java:1429) ~[na:na]
	at org.hibernate.tool.schema.spi.SchemaManagementToolCoordinator.process(SchemaManagementToolCoordinator.java:141) ~[hibernate-core-6.6.42.Final.jar:6.6.42.Final]
	at org.hibernate.boot.internal.SessionFactoryObserverForSchemaExport.sessionFactoryCreated(SessionFactoryObserverForSchemaExport.java:37) ~[hibernate-core-6.6.42.Final.jar:6.6.42.Final]
	at org.hibernate.internal.SessionFactoryObserverChain.sessionFactoryCreated(SessionFactoryObserverChain.java:35) ~[hibernate-core-6.6.42.Final.jar:6.6.42.Final]
	at org.hibernate.internal.SessionFactoryImpl.<init>(SessionFactoryImpl.java:324) ~[hibernate-core-6.6.42.Final.jar:6.6.42.Final]
	at org.hibernate.boot.internal.SessionFactoryBuilderImpl.build(SessionFactoryBuilderImpl.java:463) ~[hibernate-core-6.6.42.Final.jar:6.6.42.Final]
	at org.hibernate.jpa.boot.internal.EntityManagerFactoryBuilderImpl.build(EntityManagerFactoryBuilderImpl.java:1517) ~[hibernate-core-6.6.42.Final.jar:6.6.42.Final]
	at org.springframework.orm.jpa.vendor.SpringHibernateJpaPersistenceProvider.createContainerEntityManagerFactory(SpringHibernateJpaPersistenceProvider.java:66) ~[spring-orm-6.2.16.jar:6.2.16]
	at org.springframework.orm.jpa.LocalContainerEntityManagerFactoryBean.createNativeEntityManagerFactory(LocalContainerEntityManagerFactoryBean.java:388) ~[spring-orm-6.2.16.jar:6.2.16]
	at org.springframework.orm.jpa.AbstractEntityManagerFactoryBean.buildNativeEntityManagerFactory(AbstractEntityManagerFactoryBean.java:419) ~[spring-orm-6.2.16.jar:6.2.16]
	at org.springframework.orm.jpa.AbstractEntityManagerFactoryBean.afterPropertiesSet(AbstractEntityManagerFactoryBean.java:400) ~[spring-orm-6.2.16.jar:6.2.16]
	at org.springframework.orm.jpa.LocalContainerEntityManagerFactoryBean.afterPropertiesSet(LocalContainerEntityManagerFactoryBean.java:364) ~[spring-orm-6.2.16.jar:6.2.16]
	at org.springframework.beans.factory.support.AbstractAutowireCapableBeanFactory.invokeInitMethods(AbstractAutowireCapableBeanFactory.java:1873) ~[spring-beans-6.2.16.jar:6.2.16]
	at org.springframework.beans.factory.support.AbstractAutowireCapableBeanFactory.initializeBean(AbstractAutowireCapableBeanFactory.java:1822) ~[spring-beans-6.2.16.jar:6.2.16]
	at org.springframework.beans.factory.support.AbstractAutowireCapableBeanFactory.doCreateBean(AbstractAutowireCapableBeanFactory.java:607) ~[spring-beans-6.2.16.jar:6.2.16]
	at org.springframework.beans.factory.support.AbstractAutowireCapableBeanFactory.createBean(AbstractAutowireCapableBeanFactory.java:529) ~[spring-beans-6.2.16.jar:6.2.16]
	at org.springframework.beans.factory.support.AbstractBeanFactory.lambda$doGetBean$0(AbstractBeanFactory.java:339) ~[spring-beans-6.2.16.jar:6.2.16]
	at org.springframework.beans.factory.support.DefaultSingletonBeanRegistry.getSingleton(DefaultSingletonBeanRegistry.java:373) ~[spring-beans-6.2.16.jar:6.2.16]
	at org.springframework.beans.factory.support.AbstractBeanFactory.doGetBean(AbstractBeanFactory.java:337) ~[spring-beans-6.2.16.jar:6.2.16]
	at org.springframework.beans.factory.support.AbstractBeanFactory.getBean(AbstractBeanFactory.java:207) ~[spring-beans-6.2.16.jar:6.2.16]
	at org.springframework.context.support.AbstractApplicationContext.finishBeanFactoryInitialization(AbstractApplicationContext.java:974) ~[spring-context-6.2.16.jar:6.2.16]
	at org.springframework.context.support.AbstractApplicationContext.refresh(AbstractApplicationContext.java:628) ~[spring-context-6.2.16.jar:6.2.16]
	at org.springframework.boot.web.servlet.context.ServletWebServerApplicationContext.refresh(ServletWebServerApplicationContext.java:146) ~[spring-boot-3.5.11.jar:3.5.11]
	at org.springframework.boot.SpringApplication.refresh(SpringApplication.java:752) ~[spring-boot-3.5.11.jar:3.5.11]
	at org.springframework.boot.SpringApplication.refreshContext(SpringApplication.java:439) ~[spring-boot-3.5.11.jar:3.5.11]
	at org.springframework.boot.SpringApplication.run(SpringApplication.java:318) ~[spring-boot-3.5.11.jar:3.5.11]
	at org.springframework.boot.SpringApplication.run(SpringApplication.java:1361) ~[spring-boot-3.5.11.jar:3.5.11]
	at org.springframework.boot.SpringApplication.run(SpringApplication.java:1350) ~[spring-boot-3.5.11.jar:3.5.11]
	at Project.back_end.BackEndApplication.main(BackEndApplication.java:26) ~[classes/:na]
Caused by: org.h2.jdbc.JdbcSQLIntegrityConstraintViolationException: Referential integrity constraint violation: "FKEX75KNQTCYB5RVBOABI57DX2O: PUBLIC.TB_USER_PERFIL FOREIGN KEY(ID_USER) REFERENCES PUBLIC.TB_USER(ID) (CAST(2 AS BIGINT))"; SQL statement:
insert into tb_user_perfil(id_user, id_perfil) values (2, 2) [23506-232]
	at org.h2.message.DbException.getJdbcSQLException(DbException.java:520) ~[h2-2.3.232.jar:2.3.232]
	at org.h2.message.DbException.getJdbcSQLException(DbException.java:489) ~[h2-2.3.232.jar:2.3.232]
	at org.h2.message.DbException.get(DbException.java:223) ~[h2-2.3.232.jar:2.3.232]
	at org.h2.message.DbException.get(DbException.java:199) ~[h2-2.3.232.jar:2.3.232]
	at org.h2.constraint.ConstraintReferential.checkRowOwnTable(ConstraintReferential.java:308) ~[h2-2.3.232.jar:2.3.232]
	at org.h2.constraint.ConstraintReferential.checkRow(ConstraintReferential.java:249) ~[h2-2.3.232.jar:2.3.232]
	at org.h2.table.Table.fireConstraints(Table.java:1227) ~[h2-2.3.232.jar:2.3.232]
	at org.h2.table.Table.fireAfterRow(Table.java:1245) ~[h2-2.3.232.jar:2.3.232]
	at org.h2.command.dml.Insert.insertRows(Insert.java:188) ~[h2-2.3.232.jar:2.3.232]
	at org.h2.command.dml.Insert.update(Insert.java:135) ~[h2-2.3.232.jar:2.3.232]
	at org.h2.command.dml.DataChangeStatement.update(DataChangeStatement.java:74) ~[h2-2.3.232.jar:2.3.232]
	at org.h2.command.CommandContainer.update(CommandContainer.java:139) ~[h2-2.3.232.jar:2.3.232]
	at org.h2.command.Command.executeUpdate(Command.java:304) ~[h2-2.3.232.jar:2.3.232]
	at org.h2.command.Command.executeUpdate(Command.java:248) ~[h2-2.3.232.jar:2.3.232]
	at org.h2.jdbc.JdbcStatement.executeInternal(JdbcStatement.java:262) ~[h2-2.3.232.jar:2.3.232]
	at org.h2.jdbc.JdbcStatement.execute(JdbcStatement.java:231) ~[h2-2.3.232.jar:2.3.232]
	at com.zaxxer.hikari.pool.ProxyStatement.execute(ProxyStatement.java:95) ~[HikariCP-6.3.3.jar:na]
	at com.zaxxer.hikari.pool.HikariProxyStatement.execute(HikariProxyStatement.java) ~[HikariCP-6.3.3.jar:na]
	at org.hibernate.tool.schema.internal.exec.GenerationTargetToDatabase.accept(GenerationTargetToDatabase.java:80) ~[hibernate-core-6.6.42.Final.jar:6.6.42.Final]
	... 38 common frames omitted

2026-05-30T17:47:48.032-03:00  WARN 18108 --- [main] o.h.t.s.i.ExceptionHandlerLoggedImpl     : GenerationTarget encountered exception accepting command : Error executing DDL "insert into tb_user_perfil(id_user, id_perfil) values (2, 3)" via JDBC [Referential integrity constraint violation: "FKEX75KNQTCYB5RVBOABI57DX2O: PUBLIC.TB_USER_PERFIL FOREIGN KEY(ID_USER) REFERENCES PUBLIC.TB_USER(ID) (CAST(2 AS BIGINT))";]

org.hibernate.tool.schema.spi.CommandAcceptanceException: Error executing DDL "insert into tb_user_perfil(id_user, id_perfil) values (2, 3)" via JDBC [Referential integrity constraint violation: "FKEX75KNQTCYB5RVBOABI57DX2O: PUBLIC.TB_USER_PERFIL FOREIGN KEY(ID_USER) REFERENCES PUBLIC.TB_USER(ID) (CAST(2 AS BIGINT))";]
	at org.hibernate.tool.schema.internal.exec.GenerationTargetToDatabase.accept(GenerationTargetToDatabase.java:94) ~[hibernate-core-6.6.42.Final.jar:6.6.42.Final]
	at org.hibernate.tool.schema.internal.Helper.applySqlString(Helper.java:233) ~[hibernate-core-6.6.42.Final.jar:6.6.42.Final]
	at org.hibernate.tool.schema.internal.Helper.applyScript(Helper.java:255) ~[hibernate-core-6.6.42.Final.jar:6.6.42.Final]
	at org.hibernate.tool.schema.internal.SchemaCreatorImpl.applyImportFiles(SchemaCreatorImpl.java:694) ~[hibernate-core-6.6.42.Final.jar:6.6.42.Final]
	at org.hibernate.tool.schema.internal.SchemaCreatorImpl.applyImportSources(SchemaCreatorImpl.java:597) ~[hibernate-core-6.6.42.Final.jar:6.6.42.Final]
	at org.hibernate.tool.schema.internal.SchemaCreatorImpl.performCreation(SchemaCreatorImpl.java:186) ~[hibernate-core-6.6.42.Final.jar:6.6.42.Final]
	at org.hibernate.tool.schema.internal.SchemaCreatorImpl.doCreation(SchemaCreatorImpl.java:144) ~[hibernate-core-6.6.42.Final.jar:6.6.42.Final]
	at org.hibernate.tool.schema.internal.SchemaCreatorImpl.doCreation(SchemaCreatorImpl.java:120) ~[hibernate-core-6.6.42.Final.jar:6.6.42.Final]
	at org.hibernate.tool.schema.spi.SchemaManagementToolCoordinator.performDatabaseAction(SchemaManagementToolCoordinator.java:250) ~[hibernate-core-6.6.42.Final.jar:6.6.42.Final]
	at org.hibernate.tool.schema.spi.SchemaManagementToolCoordinator.lambda$process$5(SchemaManagementToolCoordinator.java:144) ~[hibernate-core-6.6.42.Final.jar:6.6.42.Final]
	at java.base/java.util.HashMap.forEach(HashMap.java:1429) ~[na:na]
	at org.hibernate.tool.schema.spi.SchemaManagementToolCoordinator.process(SchemaManagementToolCoordinator.java:141) ~[hibernate-core-6.6.42.Final.jar:6.6.42.Final]
	at org.hibernate.boot.internal.SessionFactoryObserverForSchemaExport.sessionFactoryCreated(SessionFactoryObserverForSchemaExport.java:37) ~[hibernate-core-6.6.42.Final.jar:6.6.42.Final]
	at org.hibernate.internal.SessionFactoryObserverChain.sessionFactoryCreated(SessionFactoryObserverChain.java:35) ~[hibernate-core-6.6.42.Final.jar:6.6.42.Final]
	at org.hibernate.internal.SessionFactoryImpl.<init>(SessionFactoryImpl.java:324) ~[hibernate-core-6.6.42.Final.jar:6.6.42.Final]
	at org.hibernate.boot.internal.SessionFactoryBuilderImpl.build(SessionFactoryBuilderImpl.java:463) ~[hibernate-core-6.6.42.Final.jar:6.6.42.Final]
	at org.hibernate.jpa.boot.internal.EntityManagerFactoryBuilderImpl.build(EntityManagerFactoryBuilderImpl.java:1517) ~[hibernate-core-6.6.42.Final.jar:6.6.42.Final]
	at org.springframework.orm.jpa.vendor.SpringHibernateJpaPersistenceProvider.createContainerEntityManagerFactory(SpringHibernateJpaPersistenceProvider.java:66) ~[spring-orm-6.2.16.jar:6.2.16]
	at org.springframework.orm.jpa.LocalContainerEntityManagerFactoryBean.createNativeEntityManagerFactory(LocalContainerEntityManagerFactoryBean.java:388) ~[spring-orm-6.2.16.jar:6.2.16]
	at org.springframework.orm.jpa.AbstractEntityManagerFactoryBean.buildNativeEntityManagerFactory(AbstractEntityManagerFactoryBean.java:419) ~[spring-orm-6.2.16.jar:6.2.16]
	at org.springframework.orm.jpa.AbstractEntityManagerFactoryBean.afterPropertiesSet(AbstractEntityManagerFactoryBean.java:400) ~[spring-orm-6.2.16.jar:6.2.16]
	at org.springframework.orm.jpa.LocalContainerEntityManagerFactoryBean.afterPropertiesSet(LocalContainerEntityManagerFactoryBean.java:364) ~[spring-orm-6.2.16.jar:6.2.16]
	at org.springframework.beans.factory.support.AbstractAutowireCapableBeanFactory.invokeInitMethods(AbstractAutowireCapableBeanFactory.java:1873) ~[spring-beans-6.2.16.jar:6.2.16]
	at org.springframework.beans.factory.support.AbstractAutowireCapableBeanFactory.initializeBean(AbstractAutowireCapableBeanFactory.java:1822) ~[spring-beans-6.2.16.jar:6.2.16]
	at org.springframework.beans.factory.support.AbstractAutowireCapableBeanFactory.doCreateBean(AbstractAutowireCapableBeanFactory.java:607) ~[spring-beans-6.2.16.jar:6.2.16]
	at org.springframework.beans.factory.support.AbstractAutowireCapableBeanFactory.createBean(AbstractAutowireCapableBeanFactory.java:529) ~[spring-beans-6.2.16.jar:6.2.16]
	at org.springframework.beans.factory.support.AbstractBeanFactory.lambda$doGetBean$0(AbstractBeanFactory.java:339) ~[spring-beans-6.2.16.jar:6.2.16]
	at org.springframework.beans.factory.support.DefaultSingletonBeanRegistry.getSingleton(DefaultSingletonBeanRegistry.java:373) ~[spring-beans-6.2.16.jar:6.2.16]
	at org.springframework.beans.factory.support.AbstractBeanFactory.doGetBean(AbstractBeanFactory.java:337) ~[spring-beans-6.2.16.jar:6.2.16]
	at org.springframework.beans.factory.support.AbstractBeanFactory.getBean(AbstractBeanFactory.java:207) ~[spring-beans-6.2.16.jar:6.2.16]
	at org.springframework.context.support.AbstractApplicationContext.finishBeanFactoryInitialization(AbstractApplicationContext.java:974) ~[spring-context-6.2.16.jar:6.2.16]
	at org.springframework.context.support.AbstractApplicationContext.refresh(AbstractApplicationContext.java:628) ~[spring-context-6.2.16.jar:6.2.16]
	at org.springframework.boot.web.servlet.context.ServletWebServerApplicationContext.refresh(ServletWebServerApplicationContext.java:146) ~[spring-boot-3.5.11.jar:3.5.11]
	at org.springframework.boot.SpringApplication.refresh(SpringApplication.java:752) ~[spring-boot-3.5.11.jar:3.5.11]
	at org.springframework.boot.SpringApplication.refreshContext(SpringApplication.java:439) ~[spring-boot-3.5.11.jar:3.5.11]
	at org.springframework.boot.SpringApplication.run(SpringApplication.java:318) ~[spring-boot-3.5.11.jar:3.5.11]
	at org.springframework.boot.SpringApplication.run(SpringApplication.java:1361) ~[spring-boot-3.5.11.jar:3.5.11]
	at org.springframework.boot.SpringApplication.run(SpringApplication.java:1350) ~[spring-boot-3.5.11.jar:3.5.11]
	at Project.back_end.BackEndApplication.main(BackEndApplication.java:26) ~[classes/:na]
Caused by: org.h2.jdbc.JdbcSQLIntegrityConstraintViolationException: Referential integrity constraint violation: "FKEX75KNQTCYB5RVBOABI57DX2O: PUBLIC.TB_USER_PERFIL FOREIGN KEY(ID_USER) REFERENCES PUBLIC.TB_USER(ID) (CAST(2 AS BIGINT))"; SQL statement:
insert into tb_user_perfil(id_user, id_perfil) values (2, 3) [23506-232]
	at org.h2.message.DbException.getJdbcSQLException(DbException.java:520) ~[h2-2.3.232.jar:2.3.232]
	at org.h2.message.DbException.getJdbcSQLException(DbException.java:489) ~[h2-2.3.232.jar:2.3.232]
	at org.h2.message.DbException.get(DbException.java:223) ~[h2-2.3.232.jar:2.3.232]
	at org.h2.message.DbException.get(DbException.java:199) ~[h2-2.3.232.jar:2.3.232]
	at org.h2.constraint.ConstraintReferential.checkRowOwnTable(ConstraintReferential.java:308) ~[h2-2.3.232.jar:2.3.232]
	at org.h2.constraint.ConstraintReferential.checkRow(ConstraintReferential.java:249) ~[h2-2.3.232.jar:2.3.232]
	at org.h2.table.Table.fireConstraints(Table.java:1227) ~[h2-2.3.232.jar:2.3.232]
	at org.h2.table.Table.fireAfterRow(Table.java:1245) ~[h2-2.3.232.jar:2.3.232]
	at org.h2.command.dml.Insert.insertRows(Insert.java:188) ~[h2-2.3.232.jar:2.3.232]
	at org.h2.command.dml.Insert.update(Insert.java:135) ~[h2-2.3.232.jar:2.3.232]
	at org.h2.command.dml.DataChangeStatement.update(DataChangeStatement.java:74) ~[h2-2.3.232.jar:2.3.232]
	at org.h2.command.CommandContainer.update(CommandContainer.java:139) ~[h2-2.3.232.jar:2.3.232]
	at org.h2.command.Command.executeUpdate(Command.java:304) ~[h2-2.3.232.jar:2.3.232]
	at org.h2.command.Command.executeUpdate(Command.java:248) ~[h2-2.3.232.jar:2.3.232]
	at org.h2.jdbc.JdbcStatement.executeInternal(JdbcStatement.java:262) ~[h2-2.3.232.jar:2.3.232]
	at org.h2.jdbc.JdbcStatement.execute(JdbcStatement.java:231) ~[h2-2.3.232.jar:2.3.232]
	at com.zaxxer.hikari.pool.ProxyStatement.execute(ProxyStatement.java:95) ~[HikariCP-6.3.3.jar:na]
	at com.zaxxer.hikari.pool.HikariProxyStatement.execute(HikariProxyStatement.java) ~[HikariCP-6.3.3.jar:na]
	at org.hibernate.tool.schema.internal.exec.GenerationTargetToDatabase.accept(GenerationTargetToDatabase.java:80) ~[hibernate-core-6.6.42.Final.jar:6.6.42.Final]
	... 38 common frames omitted

2026-05-30T17:47:48.034-03:00  INFO 18108 --- [main] j.LocalContainerEntityManagerFactoryBean : Initialized JPA EntityManagerFactory for persistence unit 'default'
2026-05-30T17:47:48.298-03:00  INFO 18108 --- [main] o.s.d.j.r.query.QueryEnhancerFactory     : Hibernate is in classpath; If applicable, HQL parser will be used.
2026-05-30T17:47:48.472-03:00  WARN 18108 --- [main] JpaBaseConfiguration$JpaWebConfiguration : spring.jpa.open-in-view is enabled by default. Therefore, database queries may be performed during view rendering. Explicitly configure spring.jpa.open-in-view to disable this warning
2026-05-30T17:47:48.733-03:00  INFO 18108 --- [main] r$InitializeUserDetailsManagerConfigurer : Global AuthenticationManager configured with UserDetailsService bean with name userService
2026-05-30T17:47:48.811-03:00 DEBUG 18108 --- [main] o.s.s.web.DefaultSecurityFilterChain     : Will secure any request with filters: DisableEncodeUrlFilter, WebAsyncManagerIntegrationFilter, SecurityContextHolderFilter, HeaderWriterFilter, CorsFilter, LogoutFilter, BasicAuthenticationFilter, RequestCacheAwareFilter, SecurityContextHolderAwareRequestFilter, AnonymousAuthenticationFilter, SessionManagementFilter, ExceptionTranslationFilter, AuthorizationFilter
2026-05-30T17:47:48.978-03:00  INFO 18108 --- [main] o.s.b.a.h2.H2ConsoleAutoConfiguration    : H2 console available at '/h2-console'. Database available at 'jdbc:h2:mem:testdb'
2026-05-30T17:47:49.214-03:00  INFO 18108 --- [main] o.s.b.w.embedded.tomcat.TomcatWebServer  : Tomcat started on port 8080 (http) with context path '/'
2026-05-30T17:47:49.221-03:00  INFO 18108 --- [main] Project.back_end.BackEndApplication      : Started BackEndApplication in 4.263 seconds (process running for 4.542)
2026-05-30T17:47:49.225-03:00  WARN 18108 --- [main] o.s.core.events.SpringDocAppInitializer  : SpringDoc /v3/api-docs endpoint is enabled by default. To disable it in production, set the property 'springdoc.api-docs.enabled=false'
2026-05-30T17:47:49.226-03:00  WARN 18108 --- [main] o.s.core.events.SpringDocAppInitializer  : SpringDoc /swagger-ui.html endpoint is enabled by default. To disable it in production, set the property 'springdoc.swagger-ui.enabled=false'
2026-05-30T17:47:55.159-03:00 DEBUG 18108 --- [http-nio-8080-exec-1] o.s.security.web.FilterChainProxy        : Securing POST /h2-console/login.do?jsessionid=cc0d04dcecbf2944ac17a5795c961bc2
2026-05-30T17:47:55.168-03:00 DEBUG 18108 --- [http-nio-8080-exec-1] o.s.s.w.a.AnonymousAuthenticationFilter  : Set SecurityContextHolder to anonymous SecurityContext
2026-05-30T17:47:55.170-03:00 DEBUG 18108 --- [http-nio-8080-exec-1] o.s.security.web.FilterChainProxy        : Secured POST /h2-console/login.do?jsessionid=cc0d04dcecbf2944ac17a5795c961bc2
2026-05-30T17:47:55.210-03:00 DEBUG 18108 --- [http-nio-8080-exec-2] o.s.security.web.FilterChainProxy        : Securing GET /h2-console/stylesheet.css
2026-05-30T17:47:55.211-03:00 DEBUG 18108 --- [http-nio-8080-exec-2] o.s.s.w.a.AnonymousAuthenticationFilter  : Set SecurityContextHolder to anonymous SecurityContext
2026-05-30T17:47:55.211-03:00 DEBUG 18108 --- [http-nio-8080-exec-2] o.s.security.web.FilterChainProxy        : Secured GET /h2-console/stylesheet.css
2026-05-30T17:47:55.228-03:00 DEBUG 18108 --- [http-nio-8080-exec-3] o.s.security.web.FilterChainProxy        : Securing GET /h2-console/login.jsp?jsessionid=3325e21b9b37c93d44dab059f85e4252
2026-05-30T17:47:55.229-03:00 DEBUG 18108 --- [http-nio-8080-exec-3] o.s.s.w.a.AnonymousAuthenticationFilter  : Set SecurityContextHolder to anonymous SecurityContext
2026-05-30T17:47:55.229-03:00 DEBUG 18108 --- [http-nio-8080-exec-3] o.s.security.web.FilterChainProxy        : Secured GET /h2-console/login.jsp?jsessionid=3325e21b9b37c93d44dab059f85e4252
2026-05-30T17:47:55.256-03:00 DEBUG 18108 --- [http-nio-8080-exec-4] o.s.security.web.FilterChainProxy        : Securing GET /h2-console/background.gif
2026-05-30T17:47:55.257-03:00 DEBUG 18108 --- [http-nio-8080-exec-4] o.s.s.w.a.AnonymousAuthenticationFilter  : Set SecurityContextHolder to anonymous SecurityContext
2026-05-30T17:47:55.257-03:00 DEBUG 18108 --- [http-nio-8080-exec-4] o.s.security.web.FilterChainProxy        : Secured GET /h2-console/background.gif
2026-05-30T17:47:55.263-03:00  INFO 18108 --- [http-nio-8080-exec-5] o.a.c.c.C.[Tomcat].[localhost].[/]       : Initializing Spring DispatcherServlet 'dispatcherServlet'
2026-05-30T17:47:55.264-03:00  INFO 18108 --- [http-nio-8080-exec-5] o.s.web.servlet.DispatcherServlet        : Initializing Servlet 'dispatcherServlet'
2026-05-30T17:47:55.265-03:00  INFO 18108 --- [http-nio-8080-exec-5] o.s.web.servlet.DispatcherServlet        : Completed initialization in 1 ms
2026-05-30T17:47:55.266-03:00 DEBUG 18108 --- [http-nio-8080-exec-5] o.s.security.web.FilterChainProxy        : Securing GET /favicon.ico
2026-05-30T17:47:55.266-03:00 DEBUG 18108 --- [http-nio-8080-exec-5] o.s.s.w.a.AnonymousAuthenticationFilter  : Set SecurityContextHolder to anonymous SecurityContext
2026-05-30T17:47:55.268-03:00 DEBUG 18108 --- [http-nio-8080-exec-5] s.w.a.DelegatingAuthenticationEntryPoint : Trying to match using RequestHeaderRequestMatcher [expectedHeaderName=X-Requested-With, expectedHeaderValue=XMLHttpRequest]
2026-05-30T17:47:55.268-03:00 DEBUG 18108 --- [http-nio-8080-exec-5] s.w.a.DelegatingAuthenticationEntryPoint : No match found. Using default entry point org.springframework.security.web.authentication.www.BasicAuthenticationEntryPoint@7248522
2026-05-30T17:47:55.278-03:00 DEBUG 18108 --- [http-nio-8080-exec-5] o.s.security.web.FilterChainProxy        : Securing GET /error
2026-05-30T17:47:55.278-03:00 DEBUG 18108 --- [http-nio-8080-exec-5] o.s.s.w.a.AnonymousAuthenticationFilter  : Set SecurityContextHolder to anonymous SecurityContext
2026-05-30T17:47:55.279-03:00 DEBUG 18108 --- [http-nio-8080-exec-5] s.w.a.DelegatingAuthenticationEntryPoint : Trying to match using RequestHeaderRequestMatcher [expectedHeaderName=X-Requested-With, expectedHeaderValue=XMLHttpRequest]
2026-05-30T17:47:55.279-03:00 DEBUG 18108 --- [http-nio-8080-exec-5] s.w.a.DelegatingAuthenticationEntryPoint : No match found. Using default entry point org.springframework.security.web.authentication.www.BasicAuthenticationEntryPoint@7248522
2026-05-30T17:47:58.019-03:00 DEBUG 18108 --- [http-nio-8080-exec-6] o.s.security.web.FilterChainProxy        : Securing POST /h2-console/login.do?jsessionid=3325e21b9b37c93d44dab059f85e4252
2026-05-30T17:47:58.019-03:00 DEBUG 18108 --- [http-nio-8080-exec-6] o.s.s.w.a.AnonymousAuthenticationFilter  : Set SecurityContextHolder to anonymous SecurityContext
2026-05-30T17:47:58.019-03:00 DEBUG 18108 --- [http-nio-8080-exec-6] o.s.security.web.FilterChainProxy        : Secured POST /h2-console/login.do?jsessionid=3325e21b9b37c93d44dab059f85e4252
2026-05-30T17:47:58.049-03:00 DEBUG 18108 --- [http-nio-8080-exec-7] o.s.security.web.FilterChainProxy        : Securing GET /h2-console/header.jsp?jsessionid=3325e21b9b37c93d44dab059f85e4252
2026-05-30T17:47:58.049-03:00 DEBUG 18108 --- [http-nio-8080-exec-8] o.s.security.web.FilterChainProxy        : Securing GET /h2-console/tables.do?jsessionid=3325e21b9b37c93d44dab059f85e4252
2026-05-30T17:47:58.050-03:00 DEBUG 18108 --- [http-nio-8080-exec-7] o.s.s.w.a.AnonymousAuthenticationFilter  : Set SecurityContextHolder to anonymous SecurityContext
2026-05-30T17:47:58.050-03:00 DEBUG 18108 --- [http-nio-8080-exec-8] o.s.s.w.a.AnonymousAuthenticationFilter  : Set SecurityContextHolder to anonymous SecurityContext
2026-05-30T17:47:58.050-03:00 DEBUG 18108 --- [http-nio-8080-exec-7] o.s.security.web.FilterChainProxy        : Secured GET /h2-console/header.jsp?jsessionid=3325e21b9b37c93d44dab059f85e4252
2026-05-30T17:47:58.050-03:00 DEBUG 18108 --- [http-nio-8080-exec-9] o.s.security.web.FilterChainProxy        : Securing GET /h2-console/query.jsp?jsessionid=3325e21b9b37c93d44dab059f85e4252
2026-05-30T17:47:58.050-03:00 DEBUG 18108 --- [http-nio-8080-exec-8] o.s.security.web.FilterChainProxy        : Secured GET /h2-console/tables.do?jsessionid=3325e21b9b37c93d44dab059f85e4252
2026-05-30T17:47:58.050-03:00 DEBUG 18108 --- [http-nio-8080-exec-10] o.s.security.web.FilterChainProxy        : Securing GET /h2-console/help.jsp?jsessionid=3325e21b9b37c93d44dab059f85e4252
2026-05-30T17:47:58.050-03:00 DEBUG 18108 --- [http-nio-8080-exec-9] o.s.s.w.a.AnonymousAuthenticationFilter  : Set SecurityContextHolder to anonymous SecurityContext
2026-05-30T17:47:58.050-03:00 DEBUG 18108 --- [http-nio-8080-exec-10] o.s.s.w.a.AnonymousAuthenticationFilter  : Set SecurityContextHolder to anonymous SecurityContext
2026-05-30T17:47:58.050-03:00 DEBUG 18108 --- [http-nio-8080-exec-9] o.s.security.web.FilterChainProxy        : Secured GET /h2-console/query.jsp?jsessionid=3325e21b9b37c93d44dab059f85e4252
2026-05-30T17:47:58.050-03:00 DEBUG 18108 --- [http-nio-8080-exec-10] o.s.security.web.FilterChainProxy        : Secured GET /h2-console/help.jsp?jsessionid=3325e21b9b37c93d44dab059f85e4252
2026-05-30T17:47:58.062-03:00 DEBUG 18108 --- [http-nio-8080-exec-3] o.s.security.web.FilterChainProxy        : Securing GET /h2-console/icon_help.gif
2026-05-30T17:47:58.062-03:00 DEBUG 18108 --- [http-nio-8080-exec-2] o.s.security.web.FilterChainProxy        : Securing GET /h2-console/icon_line.gif
2026-05-30T17:47:58.062-03:00 DEBUG 18108 --- [http-nio-8080-exec-1] o.s.security.web.FilterChainProxy        : Securing GET /h2-console/icon_disconnect.gif
2026-05-30T17:47:58.062-03:00 DEBUG 18108 --- [http-nio-8080-exec-3] o.s.s.w.a.AnonymousAuthenticationFilter  : Set SecurityContextHolder to anonymous SecurityContext
2026-05-30T17:47:58.062-03:00 DEBUG 18108 --- [http-nio-8080-exec-2] o.s.s.w.a.AnonymousAuthenticationFilter  : Set SecurityContextHolder to anonymous SecurityContext
2026-05-30T17:47:58.062-03:00 DEBUG 18108 --- [http-nio-8080-exec-1] o.s.s.w.a.AnonymousAuthenticationFilter  : Set SecurityContextHolder to anonymous SecurityContext
2026-05-30T17:47:58.062-03:00 DEBUG 18108 --- [http-nio-8080-exec-3] o.s.security.web.FilterChainProxy        : Secured GET /h2-console/icon_help.gif
2026-05-30T17:47:58.062-03:00 DEBUG 18108 --- [http-nio-8080-exec-2] o.s.security.web.FilterChainProxy        : Secured GET /h2-console/icon_line.gif
2026-05-30T17:47:58.062-03:00 DEBUG 18108 --- [http-nio-8080-exec-1] o.s.security.web.FilterChainProxy        : Secured GET /h2-console/icon_disconnect.gif
2026-05-30T17:47:58.063-03:00 DEBUG 18108 --- [http-nio-8080-exec-4] o.s.security.web.FilterChainProxy        : Securing GET /h2-console/icon_history.gif
2026-05-30T17:47:58.063-03:00 DEBUG 18108 --- [http-nio-8080-exec-4] o.s.s.w.a.AnonymousAuthenticationFilter  : Set SecurityContextHolder to anonymous SecurityContext
2026-05-30T17:47:58.063-03:00 DEBUG 18108 --- [http-nio-8080-exec-4] o.s.security.web.FilterChainProxy        : Secured GET /h2-console/icon_history.gif
2026-05-30T17:47:58.071-03:00 DEBUG 18108 --- [http-nio-8080-exec-5] o.s.security.web.FilterChainProxy        : Securing GET /h2-console/icon_refresh.gif
2026-05-30T17:47:58.071-03:00 DEBUG 18108 --- [http-nio-8080-exec-6] o.s.security.web.FilterChainProxy        : Securing GET /h2-console/icon_stop.gif
2026-05-30T17:47:58.071-03:00 DEBUG 18108 --- [http-nio-8080-exec-5] o.s.s.w.a.AnonymousAuthenticationFilter  : Set SecurityContextHolder to anonymous SecurityContext
2026-05-30T17:47:58.072-03:00 DEBUG 18108 --- [http-nio-8080-exec-6] o.s.s.w.a.AnonymousAuthenticationFilter  : Set SecurityContextHolder to anonymous SecurityContext
2026-05-30T17:47:58.072-03:00 DEBUG 18108 --- [http-nio-8080-exec-5] o.s.security.web.FilterChainProxy        : Secured GET /h2-console/icon_refresh.gif
2026-05-30T17:47:58.072-03:00 DEBUG 18108 --- [http-nio-8080-exec-6] o.s.security.web.FilterChainProxy        : Secured GET /h2-console/icon_stop.gif
2026-05-30T17:47:58.073-03:00 DEBUG 18108 --- [http-nio-8080-exec-7] o.s.security.web.FilterChainProxy        : Securing GET /h2-console/icon_run_selected.gif
2026-05-30T17:47:58.073-03:00 DEBUG 18108 --- [http-nio-8080-exec-10] o.s.security.web.FilterChainProxy        : Securing GET /h2-console/icon_rollback.gif
2026-05-30T17:47:58.073-03:00 DEBUG 18108 --- [http-nio-8080-exec-9] o.s.security.web.FilterChainProxy        : Securing GET /h2-console/icon_commit.gif
2026-05-30T17:47:58.073-03:00 DEBUG 18108 --- [http-nio-8080-exec-10] o.s.s.w.a.AnonymousAuthenticationFilter  : Set SecurityContextHolder to anonymous SecurityContext
2026-05-30T17:47:58.073-03:00 DEBUG 18108 --- [http-nio-8080-exec-9] o.s.s.w.a.AnonymousAuthenticationFilter  : Set SecurityContextHolder to anonymous SecurityContext
2026-05-30T17:47:58.073-03:00 DEBUG 18108 --- [http-nio-8080-exec-7] o.s.s.w.a.AnonymousAuthenticationFilter  : Set SecurityContextHolder to anonymous SecurityContext
2026-05-30T17:47:58.073-03:00 DEBUG 18108 --- [http-nio-8080-exec-10] o.s.security.web.FilterChainProxy        : Secured GET /h2-console/icon_rollback.gif
2026-05-30T17:47:58.073-03:00 DEBUG 18108 --- [http-nio-8080-exec-9] o.s.security.web.FilterChainProxy        : Secured GET /h2-console/icon_commit.gif
2026-05-30T17:47:58.073-03:00 DEBUG 18108 --- [http-nio-8080-exec-7] o.s.security.web.FilterChainProxy        : Secured GET /h2-console/icon_run_selected.gif
2026-05-30T17:47:58.075-03:00 DEBUG 18108 --- [http-nio-8080-exec-3] o.s.security.web.FilterChainProxy        : Securing GET /h2-console/icon_run.gif
2026-05-30T17:47:58.076-03:00 DEBUG 18108 --- [http-nio-8080-exec-3] o.s.s.w.a.AnonymousAuthenticationFilter  : Set SecurityContextHolder to anonymous SecurityContext
2026-05-30T17:47:58.076-03:00 DEBUG 18108 --- [http-nio-8080-exec-3] o.s.security.web.FilterChainProxy        : Secured GET /h2-console/icon_run.gif
2026-05-30T17:47:58.125-03:00 DEBUG 18108 --- [http-nio-8080-exec-2] o.s.security.web.FilterChainProxy        : Securing GET /h2-console/tree.js
2026-05-30T17:47:58.126-03:00 DEBUG 18108 --- [http-nio-8080-exec-2] o.s.s.w.a.AnonymousAuthenticationFilter  : Set SecurityContextHolder to anonymous SecurityContext
2026-05-30T17:47:58.126-03:00 DEBUG 18108 --- [http-nio-8080-exec-2] o.s.security.web.FilterChainProxy        : Secured GET /h2-console/tree.js
2026-05-30T17:47:58.132-03:00 DEBUG 18108 --- [http-nio-8080-exec-6] o.s.security.web.FilterChainProxy        : Securing GET /h2-console/tree_table.gif
2026-05-30T17:47:58.132-03:00 DEBUG 18108 --- [http-nio-8080-exec-5] o.s.security.web.FilterChainProxy        : Securing GET /h2-console/tree_database.gif
2026-05-30T17:47:58.132-03:00 DEBUG 18108 --- [http-nio-8080-exec-4] o.s.security.web.FilterChainProxy        : Securing GET /h2-console/tree_plus.gif
2026-05-30T17:47:58.132-03:00 DEBUG 18108 --- [http-nio-8080-exec-1] o.s.security.web.FilterChainProxy        : Securing GET /h2-console/tree_minus.gif
2026-05-30T17:47:58.132-03:00 DEBUG 18108 --- [http-nio-8080-exec-9] o.s.security.web.FilterChainProxy        : Securing GET /h2-console/tree_empty.gif
2026-05-30T17:47:58.132-03:00 DEBUG 18108 --- [http-nio-8080-exec-4] o.s.s.w.a.AnonymousAuthenticationFilter  : Set SecurityContextHolder to anonymous SecurityContext
2026-05-30T17:47:58.132-03:00 DEBUG 18108 --- [http-nio-8080-exec-6] o.s.s.w.a.AnonymousAuthenticationFilter  : Set SecurityContextHolder to anonymous SecurityContext
2026-05-30T17:47:58.132-03:00 DEBUG 18108 --- [http-nio-8080-exec-5] o.s.s.w.a.AnonymousAuthenticationFilter  : Set SecurityContextHolder to anonymous SecurityContext
2026-05-30T17:47:58.132-03:00 DEBUG 18108 --- [http-nio-8080-exec-1] o.s.s.w.a.AnonymousAuthenticationFilter  : Set SecurityContextHolder to anonymous SecurityContext
2026-05-30T17:47:58.133-03:00 DEBUG 18108 --- [http-nio-8080-exec-6] o.s.security.web.FilterChainProxy        : Secured GET /h2-console/tree_table.gif
2026-05-30T17:47:58.132-03:00 DEBUG 18108 --- [http-nio-8080-exec-9] o.s.s.w.a.AnonymousAuthenticationFilter  : Set SecurityContextHolder to anonymous SecurityContext
2026-05-30T17:47:58.132-03:00 DEBUG 18108 --- [http-nio-8080-exec-4] o.s.security.web.FilterChainProxy        : Secured GET /h2-console/tree_plus.gif
2026-05-30T17:47:58.133-03:00 DEBUG 18108 --- [http-nio-8080-exec-5] o.s.security.web.FilterChainProxy        : Secured GET /h2-console/tree_database.gif
2026-05-30T17:47:58.133-03:00 DEBUG 18108 --- [http-nio-8080-exec-1] o.s.security.web.FilterChainProxy        : Secured GET /h2-console/tree_minus.gif
2026-05-30T17:47:58.133-03:00 DEBUG 18108 --- [http-nio-8080-exec-7] o.s.security.web.FilterChainProxy        : Securing GET /h2-console/tree_column.gif
2026-05-30T17:47:58.133-03:00 DEBUG 18108 --- [http-nio-8080-exec-9] o.s.security.web.FilterChainProxy        : Secured GET /h2-console/tree_empty.gif
2026-05-30T17:47:58.133-03:00 DEBUG 18108 --- [http-nio-8080-exec-7] o.s.s.w.a.AnonymousAuthenticationFilter  : Set SecurityContextHolder to anonymous SecurityContext
2026-05-30T17:47:58.134-03:00 DEBUG 18108 --- [http-nio-8080-exec-7] o.s.security.web.FilterChainProxy        : Secured GET /h2-console/tree_column.gif
2026-05-30T17:47:58.138-03:00 DEBUG 18108 --- [http-nio-8080-exec-3] o.s.security.web.FilterChainProxy        : Securing GET /h2-console/tree_index_az.gif
2026-05-30T17:47:58.138-03:00 DEBUG 18108 --- [http-nio-8080-exec-10] o.s.security.web.FilterChainProxy        : Securing GET /h2-console/tree_type.gif
2026-05-30T17:47:58.138-03:00 DEBUG 18108 --- [http-nio-8080-exec-8] o.s.security.web.FilterChainProxy        : Securing GET /h2-console/tree_index.gif
2026-05-30T17:47:58.138-03:00 DEBUG 18108 --- [http-nio-8080-exec-3] o.s.s.w.a.AnonymousAuthenticationFilter  : Set SecurityContextHolder to anonymous SecurityContext
2026-05-30T17:47:58.138-03:00 DEBUG 18108 --- [http-nio-8080-exec-8] o.s.s.w.a.AnonymousAuthenticationFilter  : Set SecurityContextHolder to anonymous SecurityContext
2026-05-30T17:47:58.138-03:00 DEBUG 18108 --- [http-nio-8080-exec-10] o.s.s.w.a.AnonymousAuthenticationFilter  : Set SecurityContextHolder to anonymous SecurityContext
2026-05-30T17:47:58.138-03:00 DEBUG 18108 --- [http-nio-8080-exec-10] o.s.security.web.FilterChainProxy        : Secured GET /h2-console/tree_type.gif
2026-05-30T17:47:58.138-03:00 DEBUG 18108 --- [http-nio-8080-exec-3] o.s.security.web.FilterChainProxy        : Secured GET /h2-console/tree_index_az.gif
2026-05-30T17:47:58.139-03:00 DEBUG 18108 --- [http-nio-8080-exec-8] o.s.security.web.FilterChainProxy        : Secured GET /h2-console/tree_index.gif
2026-05-30T17:47:58.141-03:00 DEBUG 18108 --- [http-nio-8080-exec-6] o.s.security.web.FilterChainProxy        : Securing GET /h2-console/tree_view.gif
2026-05-30T17:47:58.141-03:00 DEBUG 18108 --- [http-nio-8080-exec-2] o.s.security.web.FilterChainProxy        : Securing GET /h2-console/tree_folder.gif
2026-05-30T17:47:58.141-03:00 DEBUG 18108 --- [http-nio-8080-exec-6] o.s.s.w.a.AnonymousAuthenticationFilter  : Set SecurityContextHolder to anonymous SecurityContext
2026-05-30T17:47:58.141-03:00 DEBUG 18108 --- [http-nio-8080-exec-2] o.s.s.w.a.AnonymousAuthenticationFilter  : Set SecurityContextHolder to anonymous SecurityContext
2026-05-30T17:47:58.141-03:00 DEBUG 18108 --- [http-nio-8080-exec-4] o.s.security.web.FilterChainProxy        : Securing GET /h2-console/tree_users.gif
2026-05-30T17:47:58.141-03:00 DEBUG 18108 --- [http-nio-8080-exec-6] o.s.security.web.FilterChainProxy        : Secured GET /h2-console/tree_view.gif
2026-05-30T17:47:58.141-03:00 DEBUG 18108 --- [http-nio-8080-exec-2] o.s.security.web.FilterChainProxy        : Secured GET /h2-console/tree_folder.gif
2026-05-30T17:47:58.142-03:00 DEBUG 18108 --- [http-nio-8080-exec-4] o.s.s.w.a.AnonymousAuthenticationFilter  : Set SecurityContextHolder to anonymous SecurityContext
2026-05-30T17:47:58.142-03:00 DEBUG 18108 --- [http-nio-8080-exec-1] o.s.security.web.FilterChainProxy        : Securing GET /h2-console/tree_user.gif
2026-05-30T17:47:58.142-03:00 DEBUG 18108 --- [http-nio-8080-exec-4] o.s.security.web.FilterChainProxy        : Secured GET /h2-console/tree_users.gif
2026-05-30T17:47:58.142-03:00 DEBUG 18108 --- [http-nio-8080-exec-1] o.s.s.w.a.AnonymousAuthenticationFilter  : Set SecurityContextHolder to anonymous SecurityContext
2026-05-30T17:47:58.142-03:00 DEBUG 18108 --- [http-nio-8080-exec-5] o.s.security.web.FilterChainProxy        : Securing GET /h2-console/tree_info.gif
2026-05-30T17:47:58.143-03:00 DEBUG 18108 --- [http-nio-8080-exec-1] o.s.security.web.FilterChainProxy        : Secured GET /h2-console/tree_user.gif
2026-05-30T17:47:58.143-03:00 DEBUG 18108 --- [http-nio-8080-exec-5] o.s.s.w.a.AnonymousAuthenticationFilter  : Set SecurityContextHolder to anonymous SecurityContext
2026-05-30T17:47:58.143-03:00 DEBUG 18108 --- [http-nio-8080-exec-5] o.s.security.web.FilterChainProxy        : Secured GET /h2-console/tree_info.gif
2026-05-30T17:47:58.149-03:00 DEBUG 18108 --- [http-nio-8080-exec-7] o.s.security.web.FilterChainProxy        : Securing GET /favicon.ico
2026-05-30T17:47:58.150-03:00 DEBUG 18108 --- [http-nio-8080-exec-7] o.s.s.w.a.AnonymousAuthenticationFilter  : Set SecurityContextHolder to anonymous SecurityContext
2026-05-30T17:47:58.150-03:00 DEBUG 18108 --- [http-nio-8080-exec-7] s.w.a.DelegatingAuthenticationEntryPoint : Trying to match using RequestHeaderRequestMatcher [expectedHeaderName=X-Requested-With, expectedHeaderValue=XMLHttpRequest]
2026-05-30T17:47:58.150-03:00 DEBUG 18108 --- [http-nio-8080-exec-7] s.w.a.DelegatingAuthenticationEntryPoint : No match found. Using default entry point org.springframework.security.web.authentication.www.BasicAuthenticationEntryPoint@7248522
2026-05-30T17:47:58.151-03:00 DEBUG 18108 --- [http-nio-8080-exec-7] o.s.security.web.FilterChainProxy        : Securing GET /error
2026-05-30T17:47:58.152-03:00 DEBUG 18108 --- [http-nio-8080-exec-7] o.s.s.w.a.AnonymousAuthenticationFilter  : Set SecurityContextHolder to anonymous SecurityContext
2026-05-30T17:47:58.152-03:00 DEBUG 18108 --- [http-nio-8080-exec-7] s.w.a.DelegatingAuthenticationEntryPoint : Trying to match using RequestHeaderRequestMatcher [expectedHeaderName=X-Requested-With, expectedHeaderValue=XMLHttpRequest]
2026-05-30T17:47:58.152-03:00 DEBUG 18108 --- [http-nio-8080-exec-7] s.w.a.DelegatingAuthenticationEntryPoint : No match found. Using default entry point org.springframework.security.web.authentication.www.BasicAuthenticationEntryPoint@7248522
2026-05-30T17:48:02.481-03:00 DEBUG 18108 --- [http-nio-8080-exec-9] o.s.security.web.FilterChainProxy        : Securing POST /h2-console/query.do?jsessionid=3325e21b9b37c93d44dab059f85e4252
2026-05-30T17:48:02.482-03:00 DEBUG 18108 --- [http-nio-8080-exec-9] o.s.s.w.a.AnonymousAuthenticationFilter  : Set SecurityContextHolder to anonymous SecurityContext
2026-05-30T17:48:02.482-03:00 DEBUG 18108 --- [http-nio-8080-exec-9] o.s.security.web.FilterChainProxy        : Secured POST /h2-console/query.do?jsessionid=3325e21b9b37c93d44dab059f85e4252
2026-05-30T17:48:02.498-03:00 DEBUG 18108 --- [http-nio-8080-exec-3] o.s.security.web.FilterChainProxy        : Securing GET /h2-console/table.js
2026-05-30T17:48:02.498-03:00 DEBUG 18108 --- [http-nio-8080-exec-3] o.s.s.w.a.AnonymousAuthenticationFilter  : Set SecurityContextHolder to anonymous SecurityContext
2026-05-30T17:48:02.498-03:00 DEBUG 18108 --- [http-nio-8080-exec-3] o.s.security.web.FilterChainProxy        : Secured GET /h2-console/table.js
2026-05-30T17:48:09.818-03:00 DEBUG 18108 --- [http-nio-8080-exec-8] o.s.security.web.FilterChainProxy        : Securing POST /h2-console/query.do?jsessionid=3325e21b9b37c93d44dab059f85e4252
2026-05-30T17:48:09.818-03:00 DEBUG 18108 --- [http-nio-8080-exec-8] o.s.s.w.a.AnonymousAuthenticationFilter  : Set SecurityContextHolder to anonymous SecurityContext
2026-05-30T17:48:09.819-03:00 DEBUG 18108 --- [http-nio-8080-exec-8] o.s.security.web.FilterChainProxy        : Secured POST /h2-console/query.do?jsessionid=3325e21b9b37c93d44dab059f85e4252
2026-05-30T17:48:09.831-03:00 DEBUG 18108 --- [http-nio-8080-exec-10] o.s.security.web.FilterChainProxy        : Securing GET /h2-console/stylesheet.css
2026-05-30T17:48:09.831-03:00 DEBUG 18108 --- [http-nio-8080-exec-10] o.s.s.w.a.AnonymousAuthenticationFilter  : Set SecurityContextHolder to anonymous SecurityContext
2026-05-30T17:48:09.832-03:00 DEBUG 18108 --- [http-nio-8080-exec-10] o.s.security.web.FilterChainProxy        : Secured GET /h2-console/stylesheet.css
2026-05-30T17:49:23.914-03:00 DEBUG 18108 --- [http-nio-8080-exec-9] o.s.security.web.FilterChainProxy        : Securing POST /h2-console/query.do?jsessionid=3325e21b9b37c93d44dab059f85e4252
2026-05-30T17:49:23.915-03:00 DEBUG 18108 --- [http-nio-8080-exec-9] o.s.s.w.a.AnonymousAuthenticationFilter  : Set SecurityContextHolder to anonymous SecurityContext
2026-05-30T17:49:23.915-03:00 DEBUG 18108 --- [http-nio-8080-exec-9] o.s.security.web.FilterChainProxy        : Secured POST /h2-console/query.do?jsessionid=3325e21b9b37c93d44dab059f85e4252
2026-05-30T17:49:23.927-03:00 DEBUG 18108 --- [http-nio-8080-exec-3] o.s.security.web.FilterChainProxy        : Securing GET /h2-console/stylesheet.css
2026-05-30T17:49:23.927-03:00 DEBUG 18108 --- [http-nio-8080-exec-8] o.s.security.web.FilterChainProxy        : Securing GET /h2-console/table.js
2026-05-30T17:49:23.927-03:00 DEBUG 18108 --- [http-nio-8080-exec-3] o.s.s.w.a.AnonymousAuthenticationFilter  : Set SecurityContextHolder to anonymous SecurityContext
2026-05-30T17:49:23.927-03:00 DEBUG 18108 --- [http-nio-8080-exec-8] o.s.s.w.a.AnonymousAuthenticationFilter  : Set SecurityContextHolder to anonymous SecurityContext
2026-05-30T17:49:23.927-03:00 DEBUG 18108 --- [http-nio-8080-exec-3] o.s.security.web.FilterChainProxy        : Secured GET /h2-console/stylesheet.css
2026-05-30T17:49:23.927-03:00 DEBUG 18108 --- [http-nio-8080-exec-8] o.s.security.web.FilterChainProxy        : Secured GET /h2-console/table.js
2026-05-30T18:03:46.736-03:00  INFO 20112 --- [main] Project.back_end.BackEndApplication      : Starting BackEndApplication using Java 21.0.11 with PID 20112 (E:\projects\CurriculumLattes\back_end\target\classes started by augus in E:\projects\CurriculumLattes)
2026-05-30T18:03:46.738-03:00  INFO 20112 --- [main] Project.back_end.BackEndApplication      : The following 1 profile is active: "prod"
2026-05-30T18:03:47.483-03:00  INFO 20112 --- [main] .s.d.r.c.RepositoryConfigurationDelegate : Bootstrapping Spring Data JPA repositories in DEFAULT mode.
2026-05-30T18:03:47.539-03:00  INFO 20112 --- [main] .s.d.r.c.RepositoryConfigurationDelegate : Finished Spring Data repository scanning in 47 ms. Found 2 JPA repository interfaces.
2026-05-30T18:03:48.056-03:00  INFO 20112 --- [main] o.s.b.w.embedded.tomcat.TomcatWebServer  : Tomcat initialized with port 8080 (http)
2026-05-30T18:03:48.068-03:00  INFO 20112 --- [main] o.apache.catalina.core.StandardService   : Starting service [Tomcat]
2026-05-30T18:03:48.069-03:00  INFO 20112 --- [main] o.apache.catalina.core.StandardEngine    : Starting Servlet engine: [Apache Tomcat/10.1.52]
2026-05-30T18:03:48.128-03:00  INFO 20112 --- [main] o.a.c.c.C.[Tomcat].[localhost].[/]       : Initializing Spring embedded WebApplicationContext
2026-05-30T18:03:48.128-03:00  INFO 20112 --- [main] w.s.c.ServletWebServerApplicationContext : Root WebApplicationContext: initialization completed in 1359 ms
2026-05-30T18:03:48.224-03:00  WARN 20112 --- [main] ConfigServletWebServerApplicationContext : Exception encountered during context initialization - cancelling refresh attempt: org.springframework.beans.factory.BeanCreationException: Error creating bean with name 'entityManagerFactory' defined in class path resource [org/springframework/boot/autoconfigure/orm/jpa/HibernateJpaConfiguration.class]: Failed to initialize dependency 'dataSourceScriptDatabaseInitializer' of LoadTimeWeaverAware bean 'entityManagerFactory': Error creating bean with name 'dataSourceScriptDatabaseInitializer' defined in class path resource [org/springframework/boot/autoconfigure/sql/init/DataSourceInitializationConfiguration.class]: Unsatisfied dependency expressed through method 'dataSourceScriptDatabaseInitializer' parameter 1: Error creating bean with name 'spring.sql.init-org.springframework.boot.autoconfigure.sql.init.SqlInitializationProperties': Could not bind properties to 'SqlInitializationProperties' : prefix=spring.sql.init, ignoreInvalidFields=false, ignoreUnknownFields=true
2026-05-30T18:03:48.229-03:00  INFO 20112 --- [main] o.apache.catalina.core.StandardService   : Stopping service [Tomcat]
2026-05-30T18:03:48.243-03:00  INFO 20112 --- [main] .s.b.a.l.ConditionEvaluationReportLogger : 

Error starting ApplicationContext. To display the condition evaluation report re-run your application with 'debug' enabled.
2026-05-30T18:03:48.294-03:00 ERROR 20112 --- [main] o.s.b.d.LoggingFailureAnalysisReporter   : 

***************************
APPLICATION FAILED TO START
***************************

Description:

Failed to bind properties under 'spring.sql.init.mode' to org.springframework.boot.sql.init.DatabaseInitializationMode:

    Property: spring.sql.init.mode
    Value: "create"
    Origin: class path resource [application.properties] - 16:22
    Reason: failed to convert java.lang.String to org.springframework.boot.sql.init.DatabaseInitializationMode (caused by java.lang.IllegalArgumentException: No enum constant org.springframework.boot.sql.init.DatabaseInitializationMode.create)

Action:

Update your application's configuration. The following values are valid:

    ALWAYS
    EMBEDDED
    NEVER

2026-05-30T18:05:03.999-03:00  INFO 34844 --- [main] Project.back_end.BackEndApplication      : Starting BackEndApplication using Java 21.0.11 with PID 34844 (E:\projects\CurriculumLattes\back_end\target\classes started by augus in E:\projects\CurriculumLattes)
2026-05-30T18:05:04.001-03:00  INFO 34844 --- [main] Project.back_end.BackEndApplication      : The following 1 profile is active: "prod"
2026-05-30T18:05:04.784-03:00  INFO 34844 --- [main] .s.d.r.c.RepositoryConfigurationDelegate : Bootstrapping Spring Data JPA repositories in DEFAULT mode.
2026-05-30T18:05:04.847-03:00  INFO 34844 --- [main] .s.d.r.c.RepositoryConfigurationDelegate : Finished Spring Data repository scanning in 52 ms. Found 2 JPA repository interfaces.
2026-05-30T18:05:05.358-03:00  INFO 34844 --- [main] o.s.b.w.embedded.tomcat.TomcatWebServer  : Tomcat initialized with port 8080 (http)
2026-05-30T18:05:05.371-03:00  INFO 34844 --- [main] o.apache.catalina.core.StandardService   : Starting service [Tomcat]
2026-05-30T18:05:05.372-03:00  INFO 34844 --- [main] o.apache.catalina.core.StandardEngine    : Starting Servlet engine: [Apache Tomcat/10.1.52]
2026-05-30T18:05:05.431-03:00  INFO 34844 --- [main] o.a.c.c.C.[Tomcat].[localhost].[/]       : Initializing Spring embedded WebApplicationContext
2026-05-30T18:05:05.431-03:00  INFO 34844 --- [main] w.s.c.ServletWebServerApplicationContext : Root WebApplicationContext: initialization completed in 1399 ms
2026-05-30T18:05:05.528-03:00  WARN 34844 --- [main] ConfigServletWebServerApplicationContext : Exception encountered during context initialization - cancelling refresh attempt: org.springframework.beans.factory.BeanCreationException: Error creating bean with name 'entityManagerFactory' defined in class path resource [org/springframework/boot/autoconfigure/orm/jpa/HibernateJpaConfiguration.class]: Failed to initialize dependency 'dataSourceScriptDatabaseInitializer' of LoadTimeWeaverAware bean 'entityManagerFactory': Error creating bean with name 'dataSourceScriptDatabaseInitializer' defined in class path resource [org/springframework/boot/autoconfigure/sql/init/DataSourceInitializationConfiguration.class]: Unsatisfied dependency expressed through method 'dataSourceScriptDatabaseInitializer' parameter 1: Error creating bean with name 'spring.sql.init-org.springframework.boot.autoconfigure.sql.init.SqlInitializationProperties': Could not bind properties to 'SqlInitializationProperties' : prefix=spring.sql.init, ignoreInvalidFields=false, ignoreUnknownFields=true
2026-05-30T18:05:05.531-03:00  INFO 34844 --- [main] o.apache.catalina.core.StandardService   : Stopping service [Tomcat]
2026-05-30T18:05:05.546-03:00  INFO 34844 --- [main] .s.b.a.l.ConditionEvaluationReportLogger : 

Error starting ApplicationContext. To display the condition evaluation report re-run your application with 'debug' enabled.
2026-05-30T18:05:05.597-03:00 ERROR 34844 --- [main] o.s.b.d.LoggingFailureAnalysisReporter   : 

***************************
APPLICATION FAILED TO START
***************************

Description:

Failed to bind properties under 'spring.sql.init.mode' to org.springframework.boot.sql.init.DatabaseInitializationMode:

    Property: spring.sql.init.mode
    Value: "create-drop"
    Origin: class path resource [application.properties] - 16:22
    Reason: failed to convert java.lang.String to org.springframework.boot.sql.init.DatabaseInitializationMode (caused by java.lang.IllegalArgumentException: No enum constant org.springframework.boot.sql.init.DatabaseInitializationMode.create-drop)

Action:

Update your application's configuration. The following values are valid:

    ALWAYS
    EMBEDDED
    NEVER

2026-05-30T18:05:30.623-03:00  INFO 23452 --- [main] Project.back_end.BackEndApplication      : Starting BackEndApplication using Java 21.0.11 with PID 23452 (E:\projects\CurriculumLattes\back_end\target\classes started by augus in E:\projects\CurriculumLattes)
2026-05-30T18:05:30.625-03:00  INFO 23452 --- [main] Project.back_end.BackEndApplication      : The following 1 profile is active: "prod"
2026-05-30T18:05:31.360-03:00  INFO 23452 --- [main] .s.d.r.c.RepositoryConfigurationDelegate : Bootstrapping Spring Data JPA repositories in DEFAULT mode.
2026-05-30T18:05:31.414-03:00  INFO 23452 --- [main] .s.d.r.c.RepositoryConfigurationDelegate : Finished Spring Data repository scanning in 46 ms. Found 2 JPA repository interfaces.
2026-05-30T18:05:31.983-03:00  INFO 23452 --- [main] o.s.b.w.embedded.tomcat.TomcatWebServer  : Tomcat initialized with port 8080 (http)
2026-05-30T18:05:32.000-03:00  INFO 23452 --- [main] o.apache.catalina.core.StandardService   : Starting service [Tomcat]
2026-05-30T18:05:32.001-03:00  INFO 23452 --- [main] o.apache.catalina.core.StandardEngine    : Starting Servlet engine: [Apache Tomcat/10.1.52]
2026-05-30T18:05:32.072-03:00  INFO 23452 --- [main] o.a.c.c.C.[Tomcat].[localhost].[/]       : Initializing Spring embedded WebApplicationContext
2026-05-30T18:05:32.073-03:00  INFO 23452 --- [main] w.s.c.ServletWebServerApplicationContext : Root WebApplicationContext: initialization completed in 1419 ms
2026-05-30T18:05:32.312-03:00  INFO 23452 --- [main] o.hibernate.jpa.internal.util.LogHelper  : HHH000204: Processing PersistenceUnitInfo [name: default]
2026-05-30T18:05:32.361-03:00  INFO 23452 --- [main] org.hibernate.Version                    : HHH000412: Hibernate ORM core version 6.6.42.Final
2026-05-30T18:05:32.390-03:00  INFO 23452 --- [main] o.h.c.internal.RegionFactoryInitiator    : HHH000026: Second-level cache disabled
2026-05-30T18:05:32.617-03:00  INFO 23452 --- [main] o.s.o.j.p.SpringPersistenceUnitInfo      : No LoadTimeWeaver setup: ignoring JPA class transformer
2026-05-30T18:05:32.638-03:00  INFO 23452 --- [main] com.zaxxer.hikari.HikariDataSource       : HikariPool-1 - Starting...
2026-05-30T18:05:32.762-03:00  INFO 23452 --- [main] com.zaxxer.hikari.pool.HikariPool        : HikariPool-1 - Added connection conn0: url=jdbc:h2:mem:testdb user=SA
2026-05-30T18:05:32.764-03:00  INFO 23452 --- [main] com.zaxxer.hikari.HikariDataSource       : HikariPool-1 - Start completed.
2026-05-30T18:05:32.800-03:00  INFO 23452 --- [main] org.hibernate.orm.connections.pooling    : HHH10001005: Database info:
	Database JDBC URL [Connecting through datasource 'HikariDataSource (HikariPool-1)']
	Database driver: undefined/unknown
	Database version: 2.3.232
	Autocommit mode: undefined/unknown
	Isolation level: undefined/unknown
	Minimum pool size: undefined/unknown
	Maximum pool size: undefined/unknown
2026-05-30T18:05:33.413-03:00  INFO 23452 --- [main] o.h.e.t.j.p.i.JtaPlatformInitiator       : HHH000489: No JTA platform available (set 'hibernate.transaction.jta.platform' to enable JTA platform integration)
2026-05-30T18:05:33.454-03:00  WARN 23452 --- [main] o.h.t.s.i.ExceptionHandlerLoggedImpl     : GenerationTarget encountered exception accepting command : Error executing DDL "insert into tb_user (name, phone, email, password, cpf,  created_at) values ('augusto', '3455-2748', 'augustoleal@gmail.com', '$2a$10$FUqjW4DqmVcpl71736.16uIP5J8A/GODt9q.t7mgACkqMRVQDIky2', '123.456.789-00', now())" via JDBC [Value too long for column "PASSWORD CHARACTER VARYING(32)": "'$2a$10$FUqjW4DqmVcpl71736.16uIP5J8A/GODt9q.t7mgACkqMRVQDIky2' (60)";]

org.hibernate.tool.schema.spi.CommandAcceptanceException: Error executing DDL "insert into tb_user (name, phone, email, password, cpf,  created_at) values ('augusto', '3455-2748', 'augustoleal@gmail.com', '$2a$10$FUqjW4DqmVcpl71736.16uIP5J8A/GODt9q.t7mgACkqMRVQDIky2', '123.456.789-00', now())" via JDBC [Value too long for column "PASSWORD CHARACTER VARYING(32)": "'$2a$10$FUqjW4DqmVcpl71736.16uIP5J8A/GODt9q.t7mgACkqMRVQDIky2' (60)";]
	at org.hibernate.tool.schema.internal.exec.GenerationTargetToDatabase.accept(GenerationTargetToDatabase.java:94) ~[hibernate-core-6.6.42.Final.jar:6.6.42.Final]
	at org.hibernate.tool.schema.internal.Helper.applySqlString(Helper.java:233) ~[hibernate-core-6.6.42.Final.jar:6.6.42.Final]
	at org.hibernate.tool.schema.internal.Helper.applyScript(Helper.java:255) ~[hibernate-core-6.6.42.Final.jar:6.6.42.Final]
	at org.hibernate.tool.schema.internal.SchemaCreatorImpl.applyImportFiles(SchemaCreatorImpl.java:694) ~[hibernate-core-6.6.42.Final.jar:6.6.42.Final]
	at org.hibernate.tool.schema.internal.SchemaCreatorImpl.applyImportSources(SchemaCreatorImpl.java:597) ~[hibernate-core-6.6.42.Final.jar:6.6.42.Final]
	at org.hibernate.tool.schema.internal.SchemaCreatorImpl.performCreation(SchemaCreatorImpl.java:186) ~[hibernate-core-6.6.42.Final.jar:6.6.42.Final]
	at org.hibernate.tool.schema.internal.SchemaCreatorImpl.doCreation(SchemaCreatorImpl.java:144) ~[hibernate-core-6.6.42.Final.jar:6.6.42.Final]
	at org.hibernate.tool.schema.internal.SchemaCreatorImpl.doCreation(SchemaCreatorImpl.java:120) ~[hibernate-core-6.6.42.Final.jar:6.6.42.Final]
	at org.hibernate.tool.schema.spi.SchemaManagementToolCoordinator.performDatabaseAction(SchemaManagementToolCoordinator.java:250) ~[hibernate-core-6.6.42.Final.jar:6.6.42.Final]
	at org.hibernate.tool.schema.spi.SchemaManagementToolCoordinator.lambda$process$5(SchemaManagementToolCoordinator.java:144) ~[hibernate-core-6.6.42.Final.jar:6.6.42.Final]
	at java.base/java.util.HashMap.forEach(HashMap.java:1429) ~[na:na]
	at org.hibernate.tool.schema.spi.SchemaManagementToolCoordinator.process(SchemaManagementToolCoordinator.java:141) ~[hibernate-core-6.6.42.Final.jar:6.6.42.Final]
	at org.hibernate.boot.internal.SessionFactoryObserverForSchemaExport.sessionFactoryCreated(SessionFactoryObserverForSchemaExport.java:37) ~[hibernate-core-6.6.42.Final.jar:6.6.42.Final]
	at org.hibernate.internal.SessionFactoryObserverChain.sessionFactoryCreated(SessionFactoryObserverChain.java:35) ~[hibernate-core-6.6.42.Final.jar:6.6.42.Final]
	at org.hibernate.internal.SessionFactoryImpl.<init>(SessionFactoryImpl.java:324) ~[hibernate-core-6.6.42.Final.jar:6.6.42.Final]
	at org.hibernate.boot.internal.SessionFactoryBuilderImpl.build(SessionFactoryBuilderImpl.java:463) ~[hibernate-core-6.6.42.Final.jar:6.6.42.Final]
	at org.hibernate.jpa.boot.internal.EntityManagerFactoryBuilderImpl.build(EntityManagerFactoryBuilderImpl.java:1517) ~[hibernate-core-6.6.42.Final.jar:6.6.42.Final]
	at org.springframework.orm.jpa.vendor.SpringHibernateJpaPersistenceProvider.createContainerEntityManagerFactory(SpringHibernateJpaPersistenceProvider.java:66) ~[spring-orm-6.2.16.jar:6.2.16]
	at org.springframework.orm.jpa.LocalContainerEntityManagerFactoryBean.createNativeEntityManagerFactory(LocalContainerEntityManagerFactoryBean.java:388) ~[spring-orm-6.2.16.jar:6.2.16]
	at org.springframework.orm.jpa.AbstractEntityManagerFactoryBean.buildNativeEntityManagerFactory(AbstractEntityManagerFactoryBean.java:419) ~[spring-orm-6.2.16.jar:6.2.16]
	at org.springframework.orm.jpa.AbstractEntityManagerFactoryBean.afterPropertiesSet(AbstractEntityManagerFactoryBean.java:400) ~[spring-orm-6.2.16.jar:6.2.16]
	at org.springframework.orm.jpa.LocalContainerEntityManagerFactoryBean.afterPropertiesSet(LocalContainerEntityManagerFactoryBean.java:364) ~[spring-orm-6.2.16.jar:6.2.16]
	at org.springframework.beans.factory.support.AbstractAutowireCapableBeanFactory.invokeInitMethods(AbstractAutowireCapableBeanFactory.java:1873) ~[spring-beans-6.2.16.jar:6.2.16]
	at org.springframework.beans.factory.support.AbstractAutowireCapableBeanFactory.initializeBean(AbstractAutowireCapableBeanFactory.java:1822) ~[spring-beans-6.2.16.jar:6.2.16]
	at org.springframework.beans.factory.support.AbstractAutowireCapableBeanFactory.doCreateBean(AbstractAutowireCapableBeanFactory.java:607) ~[spring-beans-6.2.16.jar:6.2.16]
	at org.springframework.beans.factory.support.AbstractAutowireCapableBeanFactory.createBean(AbstractAutowireCapableBeanFactory.java:529) ~[spring-beans-6.2.16.jar:6.2.16]
	at org.springframework.beans.factory.support.AbstractBeanFactory.lambda$doGetBean$0(AbstractBeanFactory.java:339) ~[spring-beans-6.2.16.jar:6.2.16]
	at org.springframework.beans.factory.support.DefaultSingletonBeanRegistry.getSingleton(DefaultSingletonBeanRegistry.java:373) ~[spring-beans-6.2.16.jar:6.2.16]
	at org.springframework.beans.factory.support.AbstractBeanFactory.doGetBean(AbstractBeanFactory.java:337) ~[spring-beans-6.2.16.jar:6.2.16]
	at org.springframework.beans.factory.support.AbstractBeanFactory.getBean(AbstractBeanFactory.java:207) ~[spring-beans-6.2.16.jar:6.2.16]
	at org.springframework.context.support.AbstractApplicationContext.finishBeanFactoryInitialization(AbstractApplicationContext.java:974) ~[spring-context-6.2.16.jar:6.2.16]
	at org.springframework.context.support.AbstractApplicationContext.refresh(AbstractApplicationContext.java:628) ~[spring-context-6.2.16.jar:6.2.16]
	at org.springframework.boot.web.servlet.context.ServletWebServerApplicationContext.refresh(ServletWebServerApplicationContext.java:146) ~[spring-boot-3.5.11.jar:3.5.11]
	at org.springframework.boot.SpringApplication.refresh(SpringApplication.java:752) ~[spring-boot-3.5.11.jar:3.5.11]
	at org.springframework.boot.SpringApplication.refreshContext(SpringApplication.java:439) ~[spring-boot-3.5.11.jar:3.5.11]
	at org.springframework.boot.SpringApplication.run(SpringApplication.java:318) ~[spring-boot-3.5.11.jar:3.5.11]
	at org.springframework.boot.SpringApplication.run(SpringApplication.java:1361) ~[spring-boot-3.5.11.jar:3.5.11]
	at org.springframework.boot.SpringApplication.run(SpringApplication.java:1350) ~[spring-boot-3.5.11.jar:3.5.11]
	at Project.back_end.BackEndApplication.main(BackEndApplication.java:26) ~[classes/:na]
Caused by: org.h2.jdbc.JdbcSQLDataException: Value too long for column "PASSWORD CHARACTER VARYING(32)": "'$2a$10$FUqjW4DqmVcpl71736.16uIP5J8A/GODt9q.t7mgACkqMRVQDIky2' (60)"; SQL statement:
insert into tb_user (name, phone, email, password, cpf,  created_at) values ('augusto', '3455-2748', 'augustoleal@gmail.com', '$2a$10$FUqjW4DqmVcpl71736.16uIP5J8A/GODt9q.t7mgACkqMRVQDIky2', '123.456.789-00', now()) [22001-232]
	at org.h2.message.DbException.getJdbcSQLException(DbException.java:518) ~[h2-2.3.232.jar:2.3.232]
	at org.h2.message.DbException.getJdbcSQLException(DbException.java:489) ~[h2-2.3.232.jar:2.3.232]
	at org.h2.message.DbException.get(DbException.java:223) ~[h2-2.3.232.jar:2.3.232]
	at org.h2.message.DbException.getValueTooLongException(DbException.java:334) ~[h2-2.3.232.jar:2.3.232]
	at org.h2.value.Value.getValueTooLongException(Value.java:2612) ~[h2-2.3.232.jar:2.3.232]
	at org.h2.value.Value.convertToVarchar(Value.java:1287) ~[h2-2.3.232.jar:2.3.232]
	at org.h2.value.Value.convertTo(Value.java:1143) ~[h2-2.3.232.jar:2.3.232]
	at org.h2.value.Value.convertForAssignTo(Value.java:1118) ~[h2-2.3.232.jar:2.3.232]
	at org.h2.table.Column.validateConvertUpdateSequence(Column.java:406) ~[h2-2.3.232.jar:2.3.232]
	at org.h2.table.Table.convertInsertRow(Table.java:963) ~[h2-2.3.232.jar:2.3.232]
	at org.h2.command.dml.Insert.insertRows(Insert.java:167) ~[h2-2.3.232.jar:2.3.232]
	at org.h2.command.dml.Insert.update(Insert.java:135) ~[h2-2.3.232.jar:2.3.232]
	at org.h2.command.dml.DataChangeStatement.update(DataChangeStatement.java:74) ~[h2-2.3.232.jar:2.3.232]
	at org.h2.command.CommandContainer.update(CommandContainer.java:139) ~[h2-2.3.232.jar:2.3.232]
	at org.h2.command.Command.executeUpdate(Command.java:304) ~[h2-2.3.232.jar:2.3.232]
	at org.h2.command.Command.executeUpdate(Command.java:248) ~[h2-2.3.232.jar:2.3.232]
	at org.h2.jdbc.JdbcStatement.executeInternal(JdbcStatement.java:262) ~[h2-2.3.232.jar:2.3.232]
	at org.h2.jdbc.JdbcStatement.execute(JdbcStatement.java:231) ~[h2-2.3.232.jar:2.3.232]
	at com.zaxxer.hikari.pool.ProxyStatement.execute(ProxyStatement.java:95) ~[HikariCP-6.3.3.jar:na]
	at com.zaxxer.hikari.pool.HikariProxyStatement.execute(HikariProxyStatement.java) ~[HikariCP-6.3.3.jar:na]
	at org.hibernate.tool.schema.internal.exec.GenerationTargetToDatabase.accept(GenerationTargetToDatabase.java:80) ~[hibernate-core-6.6.42.Final.jar:6.6.42.Final]
	... 38 common frames omitted

2026-05-30T18:05:33.458-03:00  WARN 23452 --- [main] o.h.t.s.i.ExceptionHandlerLoggedImpl     : GenerationTarget encountered exception accepting command : Error executing DDL "insert into tb_user (name, phone, email, password, cpf, created_at) values ('Claudio', '3425-1734', 'claudio@gmail.com', '$2a$10$FUqjW4DqmVcpl71736.16uIP5J8A/GODt9q.t7mgACkqMRVQDIky2', '987.654.321-00', now())" via JDBC [Value too long for column "PASSWORD CHARACTER VARYING(32)": "'$2a$10$FUqjW4DqmVcpl71736.16uIP5J8A/GODt9q.t7mgACkqMRVQDIky2' (60)";]

org.hibernate.tool.schema.spi.CommandAcceptanceException: Error executing DDL "insert into tb_user (name, phone, email, password, cpf, created_at) values ('Claudio', '3425-1734', 'claudio@gmail.com', '$2a$10$FUqjW4DqmVcpl71736.16uIP5J8A/GODt9q.t7mgACkqMRVQDIky2', '987.654.321-00', now())" via JDBC [Value too long for column "PASSWORD CHARACTER VARYING(32)": "'$2a$10$FUqjW4DqmVcpl71736.16uIP5J8A/GODt9q.t7mgACkqMRVQDIky2' (60)";]
	at org.hibernate.tool.schema.internal.exec.GenerationTargetToDatabase.accept(GenerationTargetToDatabase.java:94) ~[hibernate-core-6.6.42.Final.jar:6.6.42.Final]
	at org.hibernate.tool.schema.internal.Helper.applySqlString(Helper.java:233) ~[hibernate-core-6.6.42.Final.jar:6.6.42.Final]
	at org.hibernate.tool.schema.internal.Helper.applyScript(Helper.java:255) ~[hibernate-core-6.6.42.Final.jar:6.6.42.Final]
	at org.hibernate.tool.schema.internal.SchemaCreatorImpl.applyImportFiles(SchemaCreatorImpl.java:694) ~[hibernate-core-6.6.42.Final.jar:6.6.42.Final]
	at org.hibernate.tool.schema.internal.SchemaCreatorImpl.applyImportSources(SchemaCreatorImpl.java:597) ~[hibernate-core-6.6.42.Final.jar:6.6.42.Final]
	at org.hibernate.tool.schema.internal.SchemaCreatorImpl.performCreation(SchemaCreatorImpl.java:186) ~[hibernate-core-6.6.42.Final.jar:6.6.42.Final]
	at org.hibernate.tool.schema.internal.SchemaCreatorImpl.doCreation(SchemaCreatorImpl.java:144) ~[hibernate-core-6.6.42.Final.jar:6.6.42.Final]
	at org.hibernate.tool.schema.internal.SchemaCreatorImpl.doCreation(SchemaCreatorImpl.java:120) ~[hibernate-core-6.6.42.Final.jar:6.6.42.Final]
	at org.hibernate.tool.schema.spi.SchemaManagementToolCoordinator.performDatabaseAction(SchemaManagementToolCoordinator.java:250) ~[hibernate-core-6.6.42.Final.jar:6.6.42.Final]
	at org.hibernate.tool.schema.spi.SchemaManagementToolCoordinator.lambda$process$5(SchemaManagementToolCoordinator.java:144) ~[hibernate-core-6.6.42.Final.jar:6.6.42.Final]
	at java.base/java.util.HashMap.forEach(HashMap.java:1429) ~[na:na]
	at org.hibernate.tool.schema.spi.SchemaManagementToolCoordinator.process(SchemaManagementToolCoordinator.java:141) ~[hibernate-core-6.6.42.Final.jar:6.6.42.Final]
	at org.hibernate.boot.internal.SessionFactoryObserverForSchemaExport.sessionFactoryCreated(SessionFactoryObserverForSchemaExport.java:37) ~[hibernate-core-6.6.42.Final.jar:6.6.42.Final]
	at org.hibernate.internal.SessionFactoryObserverChain.sessionFactoryCreated(SessionFactoryObserverChain.java:35) ~[hibernate-core-6.6.42.Final.jar:6.6.42.Final]
	at org.hibernate.internal.SessionFactoryImpl.<init>(SessionFactoryImpl.java:324) ~[hibernate-core-6.6.42.Final.jar:6.6.42.Final]
	at org.hibernate.boot.internal.SessionFactoryBuilderImpl.build(SessionFactoryBuilderImpl.java:463) ~[hibernate-core-6.6.42.Final.jar:6.6.42.Final]
	at org.hibernate.jpa.boot.internal.EntityManagerFactoryBuilderImpl.build(EntityManagerFactoryBuilderImpl.java:1517) ~[hibernate-core-6.6.42.Final.jar:6.6.42.Final]
	at org.springframework.orm.jpa.vendor.SpringHibernateJpaPersistenceProvider.createContainerEntityManagerFactory(SpringHibernateJpaPersistenceProvider.java:66) ~[spring-orm-6.2.16.jar:6.2.16]
	at org.springframework.orm.jpa.LocalContainerEntityManagerFactoryBean.createNativeEntityManagerFactory(LocalContainerEntityManagerFactoryBean.java:388) ~[spring-orm-6.2.16.jar:6.2.16]
	at org.springframework.orm.jpa.AbstractEntityManagerFactoryBean.buildNativeEntityManagerFactory(AbstractEntityManagerFactoryBean.java:419) ~[spring-orm-6.2.16.jar:6.2.16]
	at org.springframework.orm.jpa.AbstractEntityManagerFactoryBean.afterPropertiesSet(AbstractEntityManagerFactoryBean.java:400) ~[spring-orm-6.2.16.jar:6.2.16]
	at org.springframework.orm.jpa.LocalContainerEntityManagerFactoryBean.afterPropertiesSet(LocalContainerEntityManagerFactoryBean.java:364) ~[spring-orm-6.2.16.jar:6.2.16]
	at org.springframework.beans.factory.support.AbstractAutowireCapableBeanFactory.invokeInitMethods(AbstractAutowireCapableBeanFactory.java:1873) ~[spring-beans-6.2.16.jar:6.2.16]
	at org.springframework.beans.factory.support.AbstractAutowireCapableBeanFactory.initializeBean(AbstractAutowireCapableBeanFactory.java:1822) ~[spring-beans-6.2.16.jar:6.2.16]
	at org.springframework.beans.factory.support.AbstractAutowireCapableBeanFactory.doCreateBean(AbstractAutowireCapableBeanFactory.java:607) ~[spring-beans-6.2.16.jar:6.2.16]
	at org.springframework.beans.factory.support.AbstractAutowireCapableBeanFactory.createBean(AbstractAutowireCapableBeanFactory.java:529) ~[spring-beans-6.2.16.jar:6.2.16]
	at org.springframework.beans.factory.support.AbstractBeanFactory.lambda$doGetBean$0(AbstractBeanFactory.java:339) ~[spring-beans-6.2.16.jar:6.2.16]
	at org.springframework.beans.factory.support.DefaultSingletonBeanRegistry.getSingleton(DefaultSingletonBeanRegistry.java:373) ~[spring-beans-6.2.16.jar:6.2.16]
	at org.springframework.beans.factory.support.AbstractBeanFactory.doGetBean(AbstractBeanFactory.java:337) ~[spring-beans-6.2.16.jar:6.2.16]
	at org.springframework.beans.factory.support.AbstractBeanFactory.getBean(AbstractBeanFactory.java:207) ~[spring-beans-6.2.16.jar:6.2.16]
	at org.springframework.context.support.AbstractApplicationContext.finishBeanFactoryInitialization(AbstractApplicationContext.java:974) ~[spring-context-6.2.16.jar:6.2.16]
	at org.springframework.context.support.AbstractApplicationContext.refresh(AbstractApplicationContext.java:628) ~[spring-context-6.2.16.jar:6.2.16]
	at org.springframework.boot.web.servlet.context.ServletWebServerApplicationContext.refresh(ServletWebServerApplicationContext.java:146) ~[spring-boot-3.5.11.jar:3.5.11]
	at org.springframework.boot.SpringApplication.refresh(SpringApplication.java:752) ~[spring-boot-3.5.11.jar:3.5.11]
	at org.springframework.boot.SpringApplication.refreshContext(SpringApplication.java:439) ~[spring-boot-3.5.11.jar:3.5.11]
	at org.springframework.boot.SpringApplication.run(SpringApplication.java:318) ~[spring-boot-3.5.11.jar:3.5.11]
	at org.springframework.boot.SpringApplication.run(SpringApplication.java:1361) ~[spring-boot-3.5.11.jar:3.5.11]
	at org.springframework.boot.SpringApplication.run(SpringApplication.java:1350) ~[spring-boot-3.5.11.jar:3.5.11]
	at Project.back_end.BackEndApplication.main(BackEndApplication.java:26) ~[classes/:na]
Caused by: org.h2.jdbc.JdbcSQLDataException: Value too long for column "PASSWORD CHARACTER VARYING(32)": "'$2a$10$FUqjW4DqmVcpl71736.16uIP5J8A/GODt9q.t7mgACkqMRVQDIky2' (60)"; SQL statement:
insert into tb_user (name, phone, email, password, cpf, created_at) values ('Claudio', '3425-1734', 'claudio@gmail.com', '$2a$10$FUqjW4DqmVcpl71736.16uIP5J8A/GODt9q.t7mgACkqMRVQDIky2', '987.654.321-00', now()) [22001-232]
	at org.h2.message.DbException.getJdbcSQLException(DbException.java:518) ~[h2-2.3.232.jar:2.3.232]
	at org.h2.message.DbException.getJdbcSQLException(DbException.java:489) ~[h2-2.3.232.jar:2.3.232]
	at org.h2.message.DbException.get(DbException.java:223) ~[h2-2.3.232.jar:2.3.232]
	at org.h2.message.DbException.getValueTooLongException(DbException.java:334) ~[h2-2.3.232.jar:2.3.232]
	at org.h2.value.Value.getValueTooLongException(Value.java:2612) ~[h2-2.3.232.jar:2.3.232]
	at org.h2.value.Value.convertToVarchar(Value.java:1287) ~[h2-2.3.232.jar:2.3.232]
	at org.h2.value.Value.convertTo(Value.java:1143) ~[h2-2.3.232.jar:2.3.232]
	at org.h2.value.Value.convertForAssignTo(Value.java:1118) ~[h2-2.3.232.jar:2.3.232]
	at org.h2.table.Column.validateConvertUpdateSequence(Column.java:406) ~[h2-2.3.232.jar:2.3.232]
	at org.h2.table.Table.convertInsertRow(Table.java:963) ~[h2-2.3.232.jar:2.3.232]
	at org.h2.command.dml.Insert.insertRows(Insert.java:167) ~[h2-2.3.232.jar:2.3.232]
	at org.h2.command.dml.Insert.update(Insert.java:135) ~[h2-2.3.232.jar:2.3.232]
	at org.h2.command.dml.DataChangeStatement.update(DataChangeStatement.java:74) ~[h2-2.3.232.jar:2.3.232]
	at org.h2.command.CommandContainer.update(CommandContainer.java:139) ~[h2-2.3.232.jar:2.3.232]
	at org.h2.command.Command.executeUpdate(Command.java:304) ~[h2-2.3.232.jar:2.3.232]
	at org.h2.command.Command.executeUpdate(Command.java:248) ~[h2-2.3.232.jar:2.3.232]
	at org.h2.jdbc.JdbcStatement.executeInternal(JdbcStatement.java:262) ~[h2-2.3.232.jar:2.3.232]
	at org.h2.jdbc.JdbcStatement.execute(JdbcStatement.java:231) ~[h2-2.3.232.jar:2.3.232]
	at com.zaxxer.hikari.pool.ProxyStatement.execute(ProxyStatement.java:95) ~[HikariCP-6.3.3.jar:na]
	at com.zaxxer.hikari.pool.HikariProxyStatement.execute(HikariProxyStatement.java) ~[HikariCP-6.3.3.jar:na]
	at org.hibernate.tool.schema.internal.exec.GenerationTargetToDatabase.accept(GenerationTargetToDatabase.java:80) ~[hibernate-core-6.6.42.Final.jar:6.6.42.Final]
	... 38 common frames omitted

2026-05-30T18:05:33.460-03:00  WARN 23452 --- [main] o.h.t.s.i.ExceptionHandlerLoggedImpl     : GenerationTarget encountered exception accepting command : Error executing DDL "insert into tb_user_perfil(id_user, id_perfil) values (1, 1)" via JDBC [Referential integrity constraint violation: "FKEX75KNQTCYB5RVBOABI57DX2O: PUBLIC.TB_USER_PERFIL FOREIGN KEY(ID_USER) REFERENCES PUBLIC.TB_USER(ID) (CAST(1 AS BIGINT))";]

org.hibernate.tool.schema.spi.CommandAcceptanceException: Error executing DDL "insert into tb_user_perfil(id_user, id_perfil) values (1, 1)" via JDBC [Referential integrity constraint violation: "FKEX75KNQTCYB5RVBOABI57DX2O: PUBLIC.TB_USER_PERFIL FOREIGN KEY(ID_USER) REFERENCES PUBLIC.TB_USER(ID) (CAST(1 AS BIGINT))";]
	at org.hibernate.tool.schema.internal.exec.GenerationTargetToDatabase.accept(GenerationTargetToDatabase.java:94) ~[hibernate-core-6.6.42.Final.jar:6.6.42.Final]
	at org.hibernate.tool.schema.internal.Helper.applySqlString(Helper.java:233) ~[hibernate-core-6.6.42.Final.jar:6.6.42.Final]
	at org.hibernate.tool.schema.internal.Helper.applyScript(Helper.java:255) ~[hibernate-core-6.6.42.Final.jar:6.6.42.Final]
	at org.hibernate.tool.schema.internal.SchemaCreatorImpl.applyImportFiles(SchemaCreatorImpl.java:694) ~[hibernate-core-6.6.42.Final.jar:6.6.42.Final]
	at org.hibernate.tool.schema.internal.SchemaCreatorImpl.applyImportSources(SchemaCreatorImpl.java:597) ~[hibernate-core-6.6.42.Final.jar:6.6.42.Final]
	at org.hibernate.tool.schema.internal.SchemaCreatorImpl.performCreation(SchemaCreatorImpl.java:186) ~[hibernate-core-6.6.42.Final.jar:6.6.42.Final]
	at org.hibernate.tool.schema.internal.SchemaCreatorImpl.doCreation(SchemaCreatorImpl.java:144) ~[hibernate-core-6.6.42.Final.jar:6.6.42.Final]
	at org.hibernate.tool.schema.internal.SchemaCreatorImpl.doCreation(SchemaCreatorImpl.java:120) ~[hibernate-core-6.6.42.Final.jar:6.6.42.Final]
	at org.hibernate.tool.schema.spi.SchemaManagementToolCoordinator.performDatabaseAction(SchemaManagementToolCoordinator.java:250) ~[hibernate-core-6.6.42.Final.jar:6.6.42.Final]
	at org.hibernate.tool.schema.spi.SchemaManagementToolCoordinator.lambda$process$5(SchemaManagementToolCoordinator.java:144) ~[hibernate-core-6.6.42.Final.jar:6.6.42.Final]
	at java.base/java.util.HashMap.forEach(HashMap.java:1429) ~[na:na]
	at org.hibernate.tool.schema.spi.SchemaManagementToolCoordinator.process(SchemaManagementToolCoordinator.java:141) ~[hibernate-core-6.6.42.Final.jar:6.6.42.Final]
	at org.hibernate.boot.internal.SessionFactoryObserverForSchemaExport.sessionFactoryCreated(SessionFactoryObserverForSchemaExport.java:37) ~[hibernate-core-6.6.42.Final.jar:6.6.42.Final]
	at org.hibernate.internal.SessionFactoryObserverChain.sessionFactoryCreated(SessionFactoryObserverChain.java:35) ~[hibernate-core-6.6.42.Final.jar:6.6.42.Final]
	at org.hibernate.internal.SessionFactoryImpl.<init>(SessionFactoryImpl.java:324) ~[hibernate-core-6.6.42.Final.jar:6.6.42.Final]
	at org.hibernate.boot.internal.SessionFactoryBuilderImpl.build(SessionFactoryBuilderImpl.java:463) ~[hibernate-core-6.6.42.Final.jar:6.6.42.Final]
	at org.hibernate.jpa.boot.internal.EntityManagerFactoryBuilderImpl.build(EntityManagerFactoryBuilderImpl.java:1517) ~[hibernate-core-6.6.42.Final.jar:6.6.42.Final]
	at org.springframework.orm.jpa.vendor.SpringHibernateJpaPersistenceProvider.createContainerEntityManagerFactory(SpringHibernateJpaPersistenceProvider.java:66) ~[spring-orm-6.2.16.jar:6.2.16]
	at org.springframework.orm.jpa.LocalContainerEntityManagerFactoryBean.createNativeEntityManagerFactory(LocalContainerEntityManagerFactoryBean.java:388) ~[spring-orm-6.2.16.jar:6.2.16]
	at org.springframework.orm.jpa.AbstractEntityManagerFactoryBean.buildNativeEntityManagerFactory(AbstractEntityManagerFactoryBean.java:419) ~[spring-orm-6.2.16.jar:6.2.16]
	at org.springframework.orm.jpa.AbstractEntityManagerFactoryBean.afterPropertiesSet(AbstractEntityManagerFactoryBean.java:400) ~[spring-orm-6.2.16.jar:6.2.16]
	at org.springframework.orm.jpa.LocalContainerEntityManagerFactoryBean.afterPropertiesSet(LocalContainerEntityManagerFactoryBean.java:364) ~[spring-orm-6.2.16.jar:6.2.16]
	at org.springframework.beans.factory.support.AbstractAutowireCapableBeanFactory.invokeInitMethods(AbstractAutowireCapableBeanFactory.java:1873) ~[spring-beans-6.2.16.jar:6.2.16]
	at org.springframework.beans.factory.support.AbstractAutowireCapableBeanFactory.initializeBean(AbstractAutowireCapableBeanFactory.java:1822) ~[spring-beans-6.2.16.jar:6.2.16]
	at org.springframework.beans.factory.support.AbstractAutowireCapableBeanFactory.doCreateBean(AbstractAutowireCapableBeanFactory.java:607) ~[spring-beans-6.2.16.jar:6.2.16]
	at org.springframework.beans.factory.support.AbstractAutowireCapableBeanFactory.createBean(AbstractAutowireCapableBeanFactory.java:529) ~[spring-beans-6.2.16.jar:6.2.16]
	at org.springframework.beans.factory.support.AbstractBeanFactory.lambda$doGetBean$0(AbstractBeanFactory.java:339) ~[spring-beans-6.2.16.jar:6.2.16]
	at org.springframework.beans.factory.support.DefaultSingletonBeanRegistry.getSingleton(DefaultSingletonBeanRegistry.java:373) ~[spring-beans-6.2.16.jar:6.2.16]
	at org.springframework.beans.factory.support.AbstractBeanFactory.doGetBean(AbstractBeanFactory.java:337) ~[spring-beans-6.2.16.jar:6.2.16]
	at org.springframework.beans.factory.support.AbstractBeanFactory.getBean(AbstractBeanFactory.java:207) ~[spring-beans-6.2.16.jar:6.2.16]
	at org.springframework.context.support.AbstractApplicationContext.finishBeanFactoryInitialization(AbstractApplicationContext.java:974) ~[spring-context-6.2.16.jar:6.2.16]
	at org.springframework.context.support.AbstractApplicationContext.refresh(AbstractApplicationContext.java:628) ~[spring-context-6.2.16.jar:6.2.16]
	at org.springframework.boot.web.servlet.context.ServletWebServerApplicationContext.refresh(ServletWebServerApplicationContext.java:146) ~[spring-boot-3.5.11.jar:3.5.11]
	at org.springframework.boot.SpringApplication.refresh(SpringApplication.java:752) ~[spring-boot-3.5.11.jar:3.5.11]
	at org.springframework.boot.SpringApplication.refreshContext(SpringApplication.java:439) ~[spring-boot-3.5.11.jar:3.5.11]
	at org.springframework.boot.SpringApplication.run(SpringApplication.java:318) ~[spring-boot-3.5.11.jar:3.5.11]
	at org.springframework.boot.SpringApplication.run(SpringApplication.java:1361) ~[spring-boot-3.5.11.jar:3.5.11]
	at org.springframework.boot.SpringApplication.run(SpringApplication.java:1350) ~[spring-boot-3.5.11.jar:3.5.11]
	at Project.back_end.BackEndApplication.main(BackEndApplication.java:26) ~[classes/:na]
Caused by: org.h2.jdbc.JdbcSQLIntegrityConstraintViolationException: Referential integrity constraint violation: "FKEX75KNQTCYB5RVBOABI57DX2O: PUBLIC.TB_USER_PERFIL FOREIGN KEY(ID_USER) REFERENCES PUBLIC.TB_USER(ID) (CAST(1 AS BIGINT))"; SQL statement:
insert into tb_user_perfil(id_user, id_perfil) values (1, 1) [23506-232]
	at org.h2.message.DbException.getJdbcSQLException(DbException.java:520) ~[h2-2.3.232.jar:2.3.232]
	at org.h2.message.DbException.getJdbcSQLException(DbException.java:489) ~[h2-2.3.232.jar:2.3.232]
	at org.h2.message.DbException.get(DbException.java:223) ~[h2-2.3.232.jar:2.3.232]
	at org.h2.message.DbException.get(DbException.java:199) ~[h2-2.3.232.jar:2.3.232]
	at org.h2.constraint.ConstraintReferential.checkRowOwnTable(ConstraintReferential.java:308) ~[h2-2.3.232.jar:2.3.232]
	at org.h2.constraint.ConstraintReferential.checkRow(ConstraintReferential.java:249) ~[h2-2.3.232.jar:2.3.232]
	at org.h2.table.Table.fireConstraints(Table.java:1227) ~[h2-2.3.232.jar:2.3.232]
	at org.h2.table.Table.fireAfterRow(Table.java:1245) ~[h2-2.3.232.jar:2.3.232]
	at org.h2.command.dml.Insert.insertRows(Insert.java:188) ~[h2-2.3.232.jar:2.3.232]
	at org.h2.command.dml.Insert.update(Insert.java:135) ~[h2-2.3.232.jar:2.3.232]
	at org.h2.command.dml.DataChangeStatement.update(DataChangeStatement.java:74) ~[h2-2.3.232.jar:2.3.232]
	at org.h2.command.CommandContainer.update(CommandContainer.java:139) ~[h2-2.3.232.jar:2.3.232]
	at org.h2.command.Command.executeUpdate(Command.java:304) ~[h2-2.3.232.jar:2.3.232]
	at org.h2.command.Command.executeUpdate(Command.java:248) ~[h2-2.3.232.jar:2.3.232]
	at org.h2.jdbc.JdbcStatement.executeInternal(JdbcStatement.java:262) ~[h2-2.3.232.jar:2.3.232]
	at org.h2.jdbc.JdbcStatement.execute(JdbcStatement.java:231) ~[h2-2.3.232.jar:2.3.232]
	at com.zaxxer.hikari.pool.ProxyStatement.execute(ProxyStatement.java:95) ~[HikariCP-6.3.3.jar:na]
	at com.zaxxer.hikari.pool.HikariProxyStatement.execute(HikariProxyStatement.java) ~[HikariCP-6.3.3.jar:na]
	at org.hibernate.tool.schema.internal.exec.GenerationTargetToDatabase.accept(GenerationTargetToDatabase.java:80) ~[hibernate-core-6.6.42.Final.jar:6.6.42.Final]
	... 38 common frames omitted

2026-05-30T18:05:33.462-03:00  WARN 23452 --- [main] o.h.t.s.i.ExceptionHandlerLoggedImpl     : GenerationTarget encountered exception accepting command : Error executing DDL "insert into tb_user_perfil(id_user, id_perfil) values (2, 2)" via JDBC [Referential integrity constraint violation: "FKEX75KNQTCYB5RVBOABI57DX2O: PUBLIC.TB_USER_PERFIL FOREIGN KEY(ID_USER) REFERENCES PUBLIC.TB_USER(ID) (CAST(2 AS BIGINT))";]

org.hibernate.tool.schema.spi.CommandAcceptanceException: Error executing DDL "insert into tb_user_perfil(id_user, id_perfil) values (2, 2)" via JDBC [Referential integrity constraint violation: "FKEX75KNQTCYB5RVBOABI57DX2O: PUBLIC.TB_USER_PERFIL FOREIGN KEY(ID_USER) REFERENCES PUBLIC.TB_USER(ID) (CAST(2 AS BIGINT))";]
	at org.hibernate.tool.schema.internal.exec.GenerationTargetToDatabase.accept(GenerationTargetToDatabase.java:94) ~[hibernate-core-6.6.42.Final.jar:6.6.42.Final]
	at org.hibernate.tool.schema.internal.Helper.applySqlString(Helper.java:233) ~[hibernate-core-6.6.42.Final.jar:6.6.42.Final]
	at org.hibernate.tool.schema.internal.Helper.applyScript(Helper.java:255) ~[hibernate-core-6.6.42.Final.jar:6.6.42.Final]
	at org.hibernate.tool.schema.internal.SchemaCreatorImpl.applyImportFiles(SchemaCreatorImpl.java:694) ~[hibernate-core-6.6.42.Final.jar:6.6.42.Final]
	at org.hibernate.tool.schema.internal.SchemaCreatorImpl.applyImportSources(SchemaCreatorImpl.java:597) ~[hibernate-core-6.6.42.Final.jar:6.6.42.Final]
	at org.hibernate.tool.schema.internal.SchemaCreatorImpl.performCreation(SchemaCreatorImpl.java:186) ~[hibernate-core-6.6.42.Final.jar:6.6.42.Final]
	at org.hibernate.tool.schema.internal.SchemaCreatorImpl.doCreation(SchemaCreatorImpl.java:144) ~[hibernate-core-6.6.42.Final.jar:6.6.42.Final]
	at org.hibernate.tool.schema.internal.SchemaCreatorImpl.doCreation(SchemaCreatorImpl.java:120) ~[hibernate-core-6.6.42.Final.jar:6.6.42.Final]
	at org.hibernate.tool.schema.spi.SchemaManagementToolCoordinator.performDatabaseAction(SchemaManagementToolCoordinator.java:250) ~[hibernate-core-6.6.42.Final.jar:6.6.42.Final]
	at org.hibernate.tool.schema.spi.SchemaManagementToolCoordinator.lambda$process$5(SchemaManagementToolCoordinator.java:144) ~[hibernate-core-6.6.42.Final.jar:6.6.42.Final]
	at java.base/java.util.HashMap.forEach(HashMap.java:1429) ~[na:na]
	at org.hibernate.tool.schema.spi.SchemaManagementToolCoordinator.process(SchemaManagementToolCoordinator.java:141) ~[hibernate-core-6.6.42.Final.jar:6.6.42.Final]
	at org.hibernate.boot.internal.SessionFactoryObserverForSchemaExport.sessionFactoryCreated(SessionFactoryObserverForSchemaExport.java:37) ~[hibernate-core-6.6.42.Final.jar:6.6.42.Final]
	at org.hibernate.internal.SessionFactoryObserverChain.sessionFactoryCreated(SessionFactoryObserverChain.java:35) ~[hibernate-core-6.6.42.Final.jar:6.6.42.Final]
	at org.hibernate.internal.SessionFactoryImpl.<init>(SessionFactoryImpl.java:324) ~[hibernate-core-6.6.42.Final.jar:6.6.42.Final]
	at org.hibernate.boot.internal.SessionFactoryBuilderImpl.build(SessionFactoryBuilderImpl.java:463) ~[hibernate-core-6.6.42.Final.jar:6.6.42.Final]
	at org.hibernate.jpa.boot.internal.EntityManagerFactoryBuilderImpl.build(EntityManagerFactoryBuilderImpl.java:1517) ~[hibernate-core-6.6.42.Final.jar:6.6.42.Final]
	at org.springframework.orm.jpa.vendor.SpringHibernateJpaPersistenceProvider.createContainerEntityManagerFactory(SpringHibernateJpaPersistenceProvider.java:66) ~[spring-orm-6.2.16.jar:6.2.16]
	at org.springframework.orm.jpa.LocalContainerEntityManagerFactoryBean.createNativeEntityManagerFactory(LocalContainerEntityManagerFactoryBean.java:388) ~[spring-orm-6.2.16.jar:6.2.16]
	at org.springframework.orm.jpa.AbstractEntityManagerFactoryBean.buildNativeEntityManagerFactory(AbstractEntityManagerFactoryBean.java:419) ~[spring-orm-6.2.16.jar:6.2.16]
	at org.springframework.orm.jpa.AbstractEntityManagerFactoryBean.afterPropertiesSet(AbstractEntityManagerFactoryBean.java:400) ~[spring-orm-6.2.16.jar:6.2.16]
	at org.springframework.orm.jpa.LocalContainerEntityManagerFactoryBean.afterPropertiesSet(LocalContainerEntityManagerFactoryBean.java:364) ~[spring-orm-6.2.16.jar:6.2.16]
	at org.springframework.beans.factory.support.AbstractAutowireCapableBeanFactory.invokeInitMethods(AbstractAutowireCapableBeanFactory.java:1873) ~[spring-beans-6.2.16.jar:6.2.16]
	at org.springframework.beans.factory.support.AbstractAutowireCapableBeanFactory.initializeBean(AbstractAutowireCapableBeanFactory.java:1822) ~[spring-beans-6.2.16.jar:6.2.16]
	at org.springframework.beans.factory.support.AbstractAutowireCapableBeanFactory.doCreateBean(AbstractAutowireCapableBeanFactory.java:607) ~[spring-beans-6.2.16.jar:6.2.16]
	at org.springframework.beans.factory.support.AbstractAutowireCapableBeanFactory.createBean(AbstractAutowireCapableBeanFactory.java:529) ~[spring-beans-6.2.16.jar:6.2.16]
	at org.springframework.beans.factory.support.AbstractBeanFactory.lambda$doGetBean$0(AbstractBeanFactory.java:339) ~[spring-beans-6.2.16.jar:6.2.16]
	at org.springframework.beans.factory.support.DefaultSingletonBeanRegistry.getSingleton(DefaultSingletonBeanRegistry.java:373) ~[spring-beans-6.2.16.jar:6.2.16]
	at org.springframework.beans.factory.support.AbstractBeanFactory.doGetBean(AbstractBeanFactory.java:337) ~[spring-beans-6.2.16.jar:6.2.16]
	at org.springframework.beans.factory.support.AbstractBeanFactory.getBean(AbstractBeanFactory.java:207) ~[spring-beans-6.2.16.jar:6.2.16]
	at org.springframework.context.support.AbstractApplicationContext.finishBeanFactoryInitialization(AbstractApplicationContext.java:974) ~[spring-context-6.2.16.jar:6.2.16]
	at org.springframework.context.support.AbstractApplicationContext.refresh(AbstractApplicationContext.java:628) ~[spring-context-6.2.16.jar:6.2.16]
	at org.springframework.boot.web.servlet.context.ServletWebServerApplicationContext.refresh(ServletWebServerApplicationContext.java:146) ~[spring-boot-3.5.11.jar:3.5.11]
	at org.springframework.boot.SpringApplication.refresh(SpringApplication.java:752) ~[spring-boot-3.5.11.jar:3.5.11]
	at org.springframework.boot.SpringApplication.refreshContext(SpringApplication.java:439) ~[spring-boot-3.5.11.jar:3.5.11]
	at org.springframework.boot.SpringApplication.run(SpringApplication.java:318) ~[spring-boot-3.5.11.jar:3.5.11]
	at org.springframework.boot.SpringApplication.run(SpringApplication.java:1361) ~[spring-boot-3.5.11.jar:3.5.11]
	at org.springframework.boot.SpringApplication.run(SpringApplication.java:1350) ~[spring-boot-3.5.11.jar:3.5.11]
	at Project.back_end.BackEndApplication.main(BackEndApplication.java:26) ~[classes/:na]
Caused by: org.h2.jdbc.JdbcSQLIntegrityConstraintViolationException: Referential integrity constraint violation: "FKEX75KNQTCYB5RVBOABI57DX2O: PUBLIC.TB_USER_PERFIL FOREIGN KEY(ID_USER) REFERENCES PUBLIC.TB_USER(ID) (CAST(2 AS BIGINT))"; SQL statement:
insert into tb_user_perfil(id_user, id_perfil) values (2, 2) [23506-232]
	at org.h2.message.DbException.getJdbcSQLException(DbException.java:520) ~[h2-2.3.232.jar:2.3.232]
	at org.h2.message.DbException.getJdbcSQLException(DbException.java:489) ~[h2-2.3.232.jar:2.3.232]
	at org.h2.message.DbException.get(DbException.java:223) ~[h2-2.3.232.jar:2.3.232]
	at org.h2.message.DbException.get(DbException.java:199) ~[h2-2.3.232.jar:2.3.232]
	at org.h2.constraint.ConstraintReferential.checkRowOwnTable(ConstraintReferential.java:308) ~[h2-2.3.232.jar:2.3.232]
	at org.h2.constraint.ConstraintReferential.checkRow(ConstraintReferential.java:249) ~[h2-2.3.232.jar:2.3.232]
	at org.h2.table.Table.fireConstraints(Table.java:1227) ~[h2-2.3.232.jar:2.3.232]
	at org.h2.table.Table.fireAfterRow(Table.java:1245) ~[h2-2.3.232.jar:2.3.232]
	at org.h2.command.dml.Insert.insertRows(Insert.java:188) ~[h2-2.3.232.jar:2.3.232]
	at org.h2.command.dml.Insert.update(Insert.java:135) ~[h2-2.3.232.jar:2.3.232]
	at org.h2.command.dml.DataChangeStatement.update(DataChangeStatement.java:74) ~[h2-2.3.232.jar:2.3.232]
	at org.h2.command.CommandContainer.update(CommandContainer.java:139) ~[h2-2.3.232.jar:2.3.232]
	at org.h2.command.Command.executeUpdate(Command.java:304) ~[h2-2.3.232.jar:2.3.232]
	at org.h2.command.Command.executeUpdate(Command.java:248) ~[h2-2.3.232.jar:2.3.232]
	at org.h2.jdbc.JdbcStatement.executeInternal(JdbcStatement.java:262) ~[h2-2.3.232.jar:2.3.232]
	at org.h2.jdbc.JdbcStatement.execute(JdbcStatement.java:231) ~[h2-2.3.232.jar:2.3.232]
	at com.zaxxer.hikari.pool.ProxyStatement.execute(ProxyStatement.java:95) ~[HikariCP-6.3.3.jar:na]
	at com.zaxxer.hikari.pool.HikariProxyStatement.execute(HikariProxyStatement.java) ~[HikariCP-6.3.3.jar:na]
	at org.hibernate.tool.schema.internal.exec.GenerationTargetToDatabase.accept(GenerationTargetToDatabase.java:80) ~[hibernate-core-6.6.42.Final.jar:6.6.42.Final]
	... 38 common frames omitted

2026-05-30T18:05:33.463-03:00  WARN 23452 --- [main] o.h.t.s.i.ExceptionHandlerLoggedImpl     : GenerationTarget encountered exception accepting command : Error executing DDL "insert into tb_user_perfil(id_user, id_perfil) values (2, 3)" via JDBC [Referential integrity constraint violation: "FKEX75KNQTCYB5RVBOABI57DX2O: PUBLIC.TB_USER_PERFIL FOREIGN KEY(ID_USER) REFERENCES PUBLIC.TB_USER(ID) (CAST(2 AS BIGINT))";]

org.hibernate.tool.schema.spi.CommandAcceptanceException: Error executing DDL "insert into tb_user_perfil(id_user, id_perfil) values (2, 3)" via JDBC [Referential integrity constraint violation: "FKEX75KNQTCYB5RVBOABI57DX2O: PUBLIC.TB_USER_PERFIL FOREIGN KEY(ID_USER) REFERENCES PUBLIC.TB_USER(ID) (CAST(2 AS BIGINT))";]
	at org.hibernate.tool.schema.internal.exec.GenerationTargetToDatabase.accept(GenerationTargetToDatabase.java:94) ~[hibernate-core-6.6.42.Final.jar:6.6.42.Final]
	at org.hibernate.tool.schema.internal.Helper.applySqlString(Helper.java:233) ~[hibernate-core-6.6.42.Final.jar:6.6.42.Final]
	at org.hibernate.tool.schema.internal.Helper.applyScript(Helper.java:255) ~[hibernate-core-6.6.42.Final.jar:6.6.42.Final]
	at org.hibernate.tool.schema.internal.SchemaCreatorImpl.applyImportFiles(SchemaCreatorImpl.java:694) ~[hibernate-core-6.6.42.Final.jar:6.6.42.Final]
	at org.hibernate.tool.schema.internal.SchemaCreatorImpl.applyImportSources(SchemaCreatorImpl.java:597) ~[hibernate-core-6.6.42.Final.jar:6.6.42.Final]
	at org.hibernate.tool.schema.internal.SchemaCreatorImpl.performCreation(SchemaCreatorImpl.java:186) ~[hibernate-core-6.6.42.Final.jar:6.6.42.Final]
	at org.hibernate.tool.schema.internal.SchemaCreatorImpl.doCreation(SchemaCreatorImpl.java:144) ~[hibernate-core-6.6.42.Final.jar:6.6.42.Final]
	at org.hibernate.tool.schema.internal.SchemaCreatorImpl.doCreation(SchemaCreatorImpl.java:120) ~[hibernate-core-6.6.42.Final.jar:6.6.42.Final]
	at org.hibernate.tool.schema.spi.SchemaManagementToolCoordinator.performDatabaseAction(SchemaManagementToolCoordinator.java:250) ~[hibernate-core-6.6.42.Final.jar:6.6.42.Final]
	at org.hibernate.tool.schema.spi.SchemaManagementToolCoordinator.lambda$process$5(SchemaManagementToolCoordinator.java:144) ~[hibernate-core-6.6.42.Final.jar:6.6.42.Final]
	at java.base/java.util.HashMap.forEach(HashMap.java:1429) ~[na:na]
	at org.hibernate.tool.schema.spi.SchemaManagementToolCoordinator.process(SchemaManagementToolCoordinator.java:141) ~[hibernate-core-6.6.42.Final.jar:6.6.42.Final]
	at org.hibernate.boot.internal.SessionFactoryObserverForSchemaExport.sessionFactoryCreated(SessionFactoryObserverForSchemaExport.java:37) ~[hibernate-core-6.6.42.Final.jar:6.6.42.Final]
	at org.hibernate.internal.SessionFactoryObserverChain.sessionFactoryCreated(SessionFactoryObserverChain.java:35) ~[hibernate-core-6.6.42.Final.jar:6.6.42.Final]
	at org.hibernate.internal.SessionFactoryImpl.<init>(SessionFactoryImpl.java:324) ~[hibernate-core-6.6.42.Final.jar:6.6.42.Final]
	at org.hibernate.boot.internal.SessionFactoryBuilderImpl.build(SessionFactoryBuilderImpl.java:463) ~[hibernate-core-6.6.42.Final.jar:6.6.42.Final]
	at org.hibernate.jpa.boot.internal.EntityManagerFactoryBuilderImpl.build(EntityManagerFactoryBuilderImpl.java:1517) ~[hibernate-core-6.6.42.Final.jar:6.6.42.Final]
	at org.springframework.orm.jpa.vendor.SpringHibernateJpaPersistenceProvider.createContainerEntityManagerFactory(SpringHibernateJpaPersistenceProvider.java:66) ~[spring-orm-6.2.16.jar:6.2.16]
	at org.springframework.orm.jpa.LocalContainerEntityManagerFactoryBean.createNativeEntityManagerFactory(LocalContainerEntityManagerFactoryBean.java:388) ~[spring-orm-6.2.16.jar:6.2.16]
	at org.springframework.orm.jpa.AbstractEntityManagerFactoryBean.buildNativeEntityManagerFactory(AbstractEntityManagerFactoryBean.java:419) ~[spring-orm-6.2.16.jar:6.2.16]
	at org.springframework.orm.jpa.AbstractEntityManagerFactoryBean.afterPropertiesSet(AbstractEntityManagerFactoryBean.java:400) ~[spring-orm-6.2.16.jar:6.2.16]
	at org.springframework.orm.jpa.LocalContainerEntityManagerFactoryBean.afterPropertiesSet(LocalContainerEntityManagerFactoryBean.java:364) ~[spring-orm-6.2.16.jar:6.2.16]
	at org.springframework.beans.factory.support.AbstractAutowireCapableBeanFactory.invokeInitMethods(AbstractAutowireCapableBeanFactory.java:1873) ~[spring-beans-6.2.16.jar:6.2.16]
	at org.springframework.beans.factory.support.AbstractAutowireCapableBeanFactory.initializeBean(AbstractAutowireCapableBeanFactory.java:1822) ~[spring-beans-6.2.16.jar:6.2.16]
	at org.springframework.beans.factory.support.AbstractAutowireCapableBeanFactory.doCreateBean(AbstractAutowireCapableBeanFactory.java:607) ~[spring-beans-6.2.16.jar:6.2.16]
	at org.springframework.beans.factory.support.AbstractAutowireCapableBeanFactory.createBean(AbstractAutowireCapableBeanFactory.java:529) ~[spring-beans-6.2.16.jar:6.2.16]
	at org.springframework.beans.factory.support.AbstractBeanFactory.lambda$doGetBean$0(AbstractBeanFactory.java:339) ~[spring-beans-6.2.16.jar:6.2.16]
	at org.springframework.beans.factory.support.DefaultSingletonBeanRegistry.getSingleton(DefaultSingletonBeanRegistry.java:373) ~[spring-beans-6.2.16.jar:6.2.16]
	at org.springframework.beans.factory.support.AbstractBeanFactory.doGetBean(AbstractBeanFactory.java:337) ~[spring-beans-6.2.16.jar:6.2.16]
	at org.springframework.beans.factory.support.AbstractBeanFactory.getBean(AbstractBeanFactory.java:207) ~[spring-beans-6.2.16.jar:6.2.16]
	at org.springframework.context.support.AbstractApplicationContext.finishBeanFactoryInitialization(AbstractApplicationContext.java:974) ~[spring-context-6.2.16.jar:6.2.16]
	at org.springframework.context.support.AbstractApplicationContext.refresh(AbstractApplicationContext.java:628) ~[spring-context-6.2.16.jar:6.2.16]
	at org.springframework.boot.web.servlet.context.ServletWebServerApplicationContext.refresh(ServletWebServerApplicationContext.java:146) ~[spring-boot-3.5.11.jar:3.5.11]
	at org.springframework.boot.SpringApplication.refresh(SpringApplication.java:752) ~[spring-boot-3.5.11.jar:3.5.11]
	at org.springframework.boot.SpringApplication.refreshContext(SpringApplication.java:439) ~[spring-boot-3.5.11.jar:3.5.11]
	at org.springframework.boot.SpringApplication.run(SpringApplication.java:318) ~[spring-boot-3.5.11.jar:3.5.11]
	at org.springframework.boot.SpringApplication.run(SpringApplication.java:1361) ~[spring-boot-3.5.11.jar:3.5.11]
	at org.springframework.boot.SpringApplication.run(SpringApplication.java:1350) ~[spring-boot-3.5.11.jar:3.5.11]
	at Project.back_end.BackEndApplication.main(BackEndApplication.java:26) ~[classes/:na]
Caused by: org.h2.jdbc.JdbcSQLIntegrityConstraintViolationException: Referential integrity constraint violation: "FKEX75KNQTCYB5RVBOABI57DX2O: PUBLIC.TB_USER_PERFIL FOREIGN KEY(ID_USER) REFERENCES PUBLIC.TB_USER(ID) (CAST(2 AS BIGINT))"; SQL statement:
insert into tb_user_perfil(id_user, id_perfil) values (2, 3) [23506-232]
	at org.h2.message.DbException.getJdbcSQLException(DbException.java:520) ~[h2-2.3.232.jar:2.3.232]
	at org.h2.message.DbException.getJdbcSQLException(DbException.java:489) ~[h2-2.3.232.jar:2.3.232]
	at org.h2.message.DbException.get(DbException.java:223) ~[h2-2.3.232.jar:2.3.232]
	at org.h2.message.DbException.get(DbException.java:199) ~[h2-2.3.232.jar:2.3.232]
	at org.h2.constraint.ConstraintReferential.checkRowOwnTable(ConstraintReferential.java:308) ~[h2-2.3.232.jar:2.3.232]
	at org.h2.constraint.ConstraintReferential.checkRow(ConstraintReferential.java:249) ~[h2-2.3.232.jar:2.3.232]
	at org.h2.table.Table.fireConstraints(Table.java:1227) ~[h2-2.3.232.jar:2.3.232]
	at org.h2.table.Table.fireAfterRow(Table.java:1245) ~[h2-2.3.232.jar:2.3.232]
	at org.h2.command.dml.Insert.insertRows(Insert.java:188) ~[h2-2.3.232.jar:2.3.232]
	at org.h2.command.dml.Insert.update(Insert.java:135) ~[h2-2.3.232.jar:2.3.232]
	at org.h2.command.dml.DataChangeStatement.update(DataChangeStatement.java:74) ~[h2-2.3.232.jar:2.3.232]
	at org.h2.command.CommandContainer.update(CommandContainer.java:139) ~[h2-2.3.232.jar:2.3.232]
	at org.h2.command.Command.executeUpdate(Command.java:304) ~[h2-2.3.232.jar:2.3.232]
	at org.h2.command.Command.executeUpdate(Command.java:248) ~[h2-2.3.232.jar:2.3.232]
	at org.h2.jdbc.JdbcStatement.executeInternal(JdbcStatement.java:262) ~[h2-2.3.232.jar:2.3.232]
	at org.h2.jdbc.JdbcStatement.execute(JdbcStatement.java:231) ~[h2-2.3.232.jar:2.3.232]
	at com.zaxxer.hikari.pool.ProxyStatement.execute(ProxyStatement.java:95) ~[HikariCP-6.3.3.jar:na]
	at com.zaxxer.hikari.pool.HikariProxyStatement.execute(HikariProxyStatement.java) ~[HikariCP-6.3.3.jar:na]
	at org.hibernate.tool.schema.internal.exec.GenerationTargetToDatabase.accept(GenerationTargetToDatabase.java:80) ~[hibernate-core-6.6.42.Final.jar:6.6.42.Final]
	... 38 common frames omitted

2026-05-30T18:05:33.466-03:00  INFO 23452 --- [main] j.LocalContainerEntityManagerFactoryBean : Initialized JPA EntityManagerFactory for persistence unit 'default'
2026-05-30T18:05:33.727-03:00  INFO 23452 --- [main] o.s.d.j.r.query.QueryEnhancerFactory     : Hibernate is in classpath; If applicable, HQL parser will be used.
2026-05-30T18:05:33.976-03:00  WARN 23452 --- [main] JpaBaseConfiguration$JpaWebConfiguration : spring.jpa.open-in-view is enabled by default. Therefore, database queries may be performed during view rendering. Explicitly configure spring.jpa.open-in-view to disable this warning
2026-05-30T18:05:34.259-03:00  INFO 23452 --- [main] r$InitializeUserDetailsManagerConfigurer : Global AuthenticationManager configured with UserDetailsService bean with name userService
2026-05-30T18:05:34.335-03:00 DEBUG 23452 --- [main] o.s.s.web.DefaultSecurityFilterChain     : Will secure any request with filters: DisableEncodeUrlFilter, WebAsyncManagerIntegrationFilter, SecurityContextHolderFilter, HeaderWriterFilter, CorsFilter, LogoutFilter, BasicAuthenticationFilter, RequestCacheAwareFilter, SecurityContextHolderAwareRequestFilter, AnonymousAuthenticationFilter, SessionManagementFilter, ExceptionTranslationFilter, AuthorizationFilter
2026-05-30T18:05:34.564-03:00  INFO 23452 --- [main] o.s.b.a.h2.H2ConsoleAutoConfiguration    : H2 console available at '/h2-console'. Database available at 'jdbc:h2:mem:testdb'
2026-05-30T18:05:34.805-03:00  INFO 23452 --- [main] o.s.b.w.embedded.tomcat.TomcatWebServer  : Tomcat started on port 8080 (http) with context path '/'
2026-05-30T18:05:34.812-03:00  INFO 23452 --- [main] Project.back_end.BackEndApplication      : Started BackEndApplication in 4.548 seconds (process running for 4.824)
2026-05-30T18:05:34.816-03:00  WARN 23452 --- [main] o.s.core.events.SpringDocAppInitializer  : SpringDoc /v3/api-docs endpoint is enabled by default. To disable it in production, set the property 'springdoc.api-docs.enabled=false'
2026-05-30T18:05:34.816-03:00  WARN 23452 --- [main] o.s.core.events.SpringDocAppInitializer  : SpringDoc /swagger-ui.html endpoint is enabled by default. To disable it in production, set the property 'springdoc.swagger-ui.enabled=false'
2026-05-30T18:05:40.361-03:00 DEBUG 23452 --- [http-nio-8080-exec-1] o.s.security.web.FilterChainProxy        : Securing POST /h2-console/login.do?jsessionid=3325e21b9b37c93d44dab059f85e4252
2026-05-30T18:05:40.371-03:00 DEBUG 23452 --- [http-nio-8080-exec-1] o.s.s.w.a.AnonymousAuthenticationFilter  : Set SecurityContextHolder to anonymous SecurityContext
2026-05-30T18:05:40.373-03:00 DEBUG 23452 --- [http-nio-8080-exec-1] o.s.security.web.FilterChainProxy        : Secured POST /h2-console/login.do?jsessionid=3325e21b9b37c93d44dab059f85e4252
2026-05-30T18:05:40.416-03:00 DEBUG 23452 --- [http-nio-8080-exec-2] o.s.security.web.FilterChainProxy        : Securing GET /h2-console/stylesheet.css
2026-05-30T18:05:40.417-03:00 DEBUG 23452 --- [http-nio-8080-exec-2] o.s.s.w.a.AnonymousAuthenticationFilter  : Set SecurityContextHolder to anonymous SecurityContext
2026-05-30T18:05:40.417-03:00 DEBUG 23452 --- [http-nio-8080-exec-2] o.s.security.web.FilterChainProxy        : Secured GET /h2-console/stylesheet.css
2026-05-30T18:05:40.433-03:00 DEBUG 23452 --- [http-nio-8080-exec-3] o.s.security.web.FilterChainProxy        : Securing GET /h2-console/login.jsp?jsessionid=68ff478153d16d5a4f66549faa277e3e
2026-05-30T18:05:40.434-03:00 DEBUG 23452 --- [http-nio-8080-exec-3] o.s.s.w.a.AnonymousAuthenticationFilter  : Set SecurityContextHolder to anonymous SecurityContext
2026-05-30T18:05:40.434-03:00 DEBUG 23452 --- [http-nio-8080-exec-3] o.s.security.web.FilterChainProxy        : Secured GET /h2-console/login.jsp?jsessionid=68ff478153d16d5a4f66549faa277e3e
2026-05-30T18:05:40.457-03:00 DEBUG 23452 --- [http-nio-8080-exec-4] o.s.security.web.FilterChainProxy        : Securing GET /h2-console/background.gif
2026-05-30T18:05:40.457-03:00 DEBUG 23452 --- [http-nio-8080-exec-4] o.s.s.w.a.AnonymousAuthenticationFilter  : Set SecurityContextHolder to anonymous SecurityContext
2026-05-30T18:05:40.458-03:00 DEBUG 23452 --- [http-nio-8080-exec-4] o.s.security.web.FilterChainProxy        : Secured GET /h2-console/background.gif
2026-05-30T18:05:40.466-03:00  INFO 23452 --- [http-nio-8080-exec-5] o.a.c.c.C.[Tomcat].[localhost].[/]       : Initializing Spring DispatcherServlet 'dispatcherServlet'
2026-05-30T18:05:40.467-03:00  INFO 23452 --- [http-nio-8080-exec-5] o.s.web.servlet.DispatcherServlet        : Initializing Servlet 'dispatcherServlet'
2026-05-30T18:05:40.468-03:00  INFO 23452 --- [http-nio-8080-exec-5] o.s.web.servlet.DispatcherServlet        : Completed initialization in 1 ms
2026-05-30T18:05:40.469-03:00 DEBUG 23452 --- [http-nio-8080-exec-5] o.s.security.web.FilterChainProxy        : Securing GET /favicon.ico
2026-05-30T18:05:40.469-03:00 DEBUG 23452 --- [http-nio-8080-exec-5] o.s.s.w.a.AnonymousAuthenticationFilter  : Set SecurityContextHolder to anonymous SecurityContext
2026-05-30T18:05:40.471-03:00 DEBUG 23452 --- [http-nio-8080-exec-5] s.w.a.DelegatingAuthenticationEntryPoint : Trying to match using RequestHeaderRequestMatcher [expectedHeaderName=X-Requested-With, expectedHeaderValue=XMLHttpRequest]
2026-05-30T18:05:40.471-03:00 DEBUG 23452 --- [http-nio-8080-exec-5] s.w.a.DelegatingAuthenticationEntryPoint : No match found. Using default entry point org.springframework.security.web.authentication.www.BasicAuthenticationEntryPoint@6eceeec9
2026-05-30T18:05:40.481-03:00 DEBUG 23452 --- [http-nio-8080-exec-5] o.s.security.web.FilterChainProxy        : Securing GET /error
2026-05-30T18:05:40.482-03:00 DEBUG 23452 --- [http-nio-8080-exec-5] o.s.s.w.a.AnonymousAuthenticationFilter  : Set SecurityContextHolder to anonymous SecurityContext
2026-05-30T18:05:40.482-03:00 DEBUG 23452 --- [http-nio-8080-exec-5] s.w.a.DelegatingAuthenticationEntryPoint : Trying to match using RequestHeaderRequestMatcher [expectedHeaderName=X-Requested-With, expectedHeaderValue=XMLHttpRequest]
2026-05-30T18:05:40.482-03:00 DEBUG 23452 --- [http-nio-8080-exec-5] s.w.a.DelegatingAuthenticationEntryPoint : No match found. Using default entry point org.springframework.security.web.authentication.www.BasicAuthenticationEntryPoint@6eceeec9
2026-05-30T18:05:41.281-03:00 DEBUG 23452 --- [http-nio-8080-exec-6] o.s.security.web.FilterChainProxy        : Securing POST /h2-console/login.do?jsessionid=68ff478153d16d5a4f66549faa277e3e
2026-05-30T18:05:41.282-03:00 DEBUG 23452 --- [http-nio-8080-exec-6] o.s.s.w.a.AnonymousAuthenticationFilter  : Set SecurityContextHolder to anonymous SecurityContext
2026-05-30T18:05:41.283-03:00 DEBUG 23452 --- [http-nio-8080-exec-6] o.s.security.web.FilterChainProxy        : Secured POST /h2-console/login.do?jsessionid=68ff478153d16d5a4f66549faa277e3e
2026-05-30T18:05:41.319-03:00 DEBUG 23452 --- [http-nio-8080-exec-7] o.s.security.web.FilterChainProxy        : Securing GET /h2-console/header.jsp?jsessionid=68ff478153d16d5a4f66549faa277e3e
2026-05-30T18:05:41.320-03:00 DEBUG 23452 --- [http-nio-8080-exec-7] o.s.s.w.a.AnonymousAuthenticationFilter  : Set SecurityContextHolder to anonymous SecurityContext
2026-05-30T18:05:41.320-03:00 DEBUG 23452 --- [http-nio-8080-exec-8] o.s.security.web.FilterChainProxy        : Securing GET /h2-console/tables.do?jsessionid=68ff478153d16d5a4f66549faa277e3e
2026-05-30T18:05:41.320-03:00 DEBUG 23452 --- [http-nio-8080-exec-9] o.s.security.web.FilterChainProxy        : Securing GET /h2-console/query.jsp?jsessionid=68ff478153d16d5a4f66549faa277e3e
2026-05-30T18:05:41.320-03:00 DEBUG 23452 --- [http-nio-8080-exec-7] o.s.security.web.FilterChainProxy        : Secured GET /h2-console/header.jsp?jsessionid=68ff478153d16d5a4f66549faa277e3e
2026-05-30T18:05:41.320-03:00 DEBUG 23452 --- [http-nio-8080-exec-10] o.s.security.web.FilterChainProxy        : Securing GET /h2-console/help.jsp?jsessionid=68ff478153d16d5a4f66549faa277e3e
2026-05-30T18:05:41.320-03:00 DEBUG 23452 --- [http-nio-8080-exec-8] o.s.s.w.a.AnonymousAuthenticationFilter  : Set SecurityContextHolder to anonymous SecurityContext
2026-05-30T18:05:41.320-03:00 DEBUG 23452 --- [http-nio-8080-exec-9] o.s.s.w.a.AnonymousAuthenticationFilter  : Set SecurityContextHolder to anonymous SecurityContext
2026-05-30T18:05:41.320-03:00 DEBUG 23452 --- [http-nio-8080-exec-10] o.s.s.w.a.AnonymousAuthenticationFilter  : Set SecurityContextHolder to anonymous SecurityContext
2026-05-30T18:05:41.320-03:00 DEBUG 23452 --- [http-nio-8080-exec-8] o.s.security.web.FilterChainProxy        : Secured GET /h2-console/tables.do?jsessionid=68ff478153d16d5a4f66549faa277e3e
2026-05-30T18:05:41.321-03:00 DEBUG 23452 --- [http-nio-8080-exec-9] o.s.security.web.FilterChainProxy        : Secured GET /h2-console/query.jsp?jsessionid=68ff478153d16d5a4f66549faa277e3e
2026-05-30T18:05:41.321-03:00 DEBUG 23452 --- [http-nio-8080-exec-10] o.s.security.web.FilterChainProxy        : Secured GET /h2-console/help.jsp?jsessionid=68ff478153d16d5a4f66549faa277e3e
2026-05-30T18:05:41.334-03:00 DEBUG 23452 --- [http-nio-8080-exec-3] o.s.security.web.FilterChainProxy        : Securing GET /h2-console/icon_help.gif
2026-05-30T18:05:41.334-03:00 DEBUG 23452 --- [http-nio-8080-exec-2] o.s.security.web.FilterChainProxy        : Securing GET /h2-console/icon_line.gif
2026-05-30T18:05:41.334-03:00 DEBUG 23452 --- [http-nio-8080-exec-1] o.s.security.web.FilterChainProxy        : Securing GET /h2-console/icon_disconnect.gif
2026-05-30T18:05:41.335-03:00 DEBUG 23452 --- [http-nio-8080-exec-4] o.s.security.web.FilterChainProxy        : Securing GET /h2-console/icon_history.gif
2026-05-30T18:05:41.335-03:00 DEBUG 23452 --- [http-nio-8080-exec-3] o.s.s.w.a.AnonymousAuthenticationFilter  : Set SecurityContextHolder to anonymous SecurityContext
2026-05-30T18:05:41.336-03:00 DEBUG 23452 --- [http-nio-8080-exec-2] o.s.s.w.a.AnonymousAuthenticationFilter  : Set SecurityContextHolder to anonymous SecurityContext
2026-05-30T18:05:41.336-03:00 DEBUG 23452 --- [http-nio-8080-exec-1] o.s.s.w.a.AnonymousAuthenticationFilter  : Set SecurityContextHolder to anonymous SecurityContext
2026-05-30T18:05:41.336-03:00 DEBUG 23452 --- [http-nio-8080-exec-4] o.s.s.w.a.AnonymousAuthenticationFilter  : Set SecurityContextHolder to anonymous SecurityContext
2026-05-30T18:05:41.336-03:00 DEBUG 23452 --- [http-nio-8080-exec-2] o.s.security.web.FilterChainProxy        : Secured GET /h2-console/icon_line.gif
2026-05-30T18:05:41.336-03:00 DEBUG 23452 --- [http-nio-8080-exec-3] o.s.security.web.FilterChainProxy        : Secured GET /h2-console/icon_help.gif
2026-05-30T18:05:41.336-03:00 DEBUG 23452 --- [http-nio-8080-exec-1] o.s.security.web.FilterChainProxy        : Secured GET /h2-console/icon_disconnect.gif
2026-05-30T18:05:41.336-03:00 DEBUG 23452 --- [http-nio-8080-exec-4] o.s.security.web.FilterChainProxy        : Secured GET /h2-console/icon_history.gif
2026-05-30T18:05:41.339-03:00 DEBUG 23452 --- [http-nio-8080-exec-5] o.s.security.web.FilterChainProxy        : Securing GET /h2-console/icon_refresh.gif
2026-05-30T18:05:41.339-03:00 DEBUG 23452 --- [http-nio-8080-exec-5] o.s.s.w.a.AnonymousAuthenticationFilter  : Set SecurityContextHolder to anonymous SecurityContext
2026-05-30T18:05:41.340-03:00 DEBUG 23452 --- [http-nio-8080-exec-5] o.s.security.web.FilterChainProxy        : Secured GET /h2-console/icon_refresh.gif
2026-05-30T18:05:41.341-03:00 DEBUG 23452 --- [http-nio-8080-exec-6] o.s.security.web.FilterChainProxy        : Securing GET /h2-console/icon_run_selected.gif
2026-05-30T18:05:41.341-03:00 DEBUG 23452 --- [http-nio-8080-exec-7] o.s.security.web.FilterChainProxy        : Securing GET /h2-console/icon_stop.gif
2026-05-30T18:05:41.342-03:00 DEBUG 23452 --- [http-nio-8080-exec-9] o.s.security.web.FilterChainProxy        : Securing GET /h2-console/icon_commit.gif
2026-05-30T18:05:41.342-03:00 DEBUG 23452 --- [http-nio-8080-exec-6] o.s.s.w.a.AnonymousAuthenticationFilter  : Set SecurityContextHolder to anonymous SecurityContext
2026-05-30T18:05:41.342-03:00 DEBUG 23452 --- [http-nio-8080-exec-7] o.s.s.w.a.AnonymousAuthenticationFilter  : Set SecurityContextHolder to anonymous SecurityContext
2026-05-30T18:05:41.342-03:00 DEBUG 23452 --- [http-nio-8080-exec-10] o.s.security.web.FilterChainProxy        : Securing GET /h2-console/icon_rollback.gif
2026-05-30T18:05:41.342-03:00 DEBUG 23452 --- [http-nio-8080-exec-9] o.s.s.w.a.AnonymousAuthenticationFilter  : Set SecurityContextHolder to anonymous SecurityContext
2026-05-30T18:05:41.342-03:00 DEBUG 23452 --- [http-nio-8080-exec-6] o.s.security.web.FilterChainProxy        : Secured GET /h2-console/icon_run_selected.gif
2026-05-30T18:05:41.342-03:00 DEBUG 23452 --- [http-nio-8080-exec-10] o.s.s.w.a.AnonymousAuthenticationFilter  : Set SecurityContextHolder to anonymous SecurityContext
2026-05-30T18:05:41.342-03:00 DEBUG 23452 --- [http-nio-8080-exec-7] o.s.security.web.FilterChainProxy        : Secured GET /h2-console/icon_stop.gif
2026-05-30T18:05:41.342-03:00 DEBUG 23452 --- [http-nio-8080-exec-9] o.s.security.web.FilterChainProxy        : Secured GET /h2-console/icon_commit.gif
2026-05-30T18:05:41.342-03:00 DEBUG 23452 --- [http-nio-8080-exec-10] o.s.security.web.FilterChainProxy        : Secured GET /h2-console/icon_rollback.gif
2026-05-30T18:05:41.344-03:00 DEBUG 23452 --- [http-nio-8080-exec-4] o.s.security.web.FilterChainProxy        : Securing GET /h2-console/icon_run.gif
2026-05-30T18:05:41.344-03:00 DEBUG 23452 --- [http-nio-8080-exec-4] o.s.s.w.a.AnonymousAuthenticationFilter  : Set SecurityContextHolder to anonymous SecurityContext
2026-05-30T18:05:41.345-03:00 DEBUG 23452 --- [http-nio-8080-exec-4] o.s.security.web.FilterChainProxy        : Secured GET /h2-console/icon_run.gif
2026-05-30T18:05:41.402-03:00 DEBUG 23452 --- [http-nio-8080-exec-3] o.s.security.web.FilterChainProxy        : Securing GET /h2-console/tree.js
2026-05-30T18:05:41.402-03:00 DEBUG 23452 --- [http-nio-8080-exec-3] o.s.s.w.a.AnonymousAuthenticationFilter  : Set SecurityContextHolder to anonymous SecurityContext
2026-05-30T18:05:41.402-03:00 DEBUG 23452 --- [http-nio-8080-exec-3] o.s.security.web.FilterChainProxy        : Secured GET /h2-console/tree.js
2026-05-30T18:05:41.409-03:00 DEBUG 23452 --- [http-nio-8080-exec-2] o.s.security.web.FilterChainProxy        : Securing GET /h2-console/tree_minus.gif
2026-05-30T18:05:41.409-03:00 DEBUG 23452 --- [http-nio-8080-exec-5] o.s.security.web.FilterChainProxy        : Securing GET /h2-console/tree_database.gif
2026-05-30T18:05:41.409-03:00 DEBUG 23452 --- [http-nio-8080-exec-1] o.s.security.web.FilterChainProxy        : Securing GET /h2-console/tree_plus.gif
2026-05-30T18:05:41.409-03:00 DEBUG 23452 --- [http-nio-8080-exec-6] o.s.security.web.FilterChainProxy        : Securing GET /h2-console/tree_table.gif
2026-05-30T18:05:41.410-03:00 DEBUG 23452 --- [http-nio-8080-exec-5] o.s.s.w.a.AnonymousAuthenticationFilter  : Set SecurityContextHolder to anonymous SecurityContext
2026-05-30T18:05:41.410-03:00 DEBUG 23452 --- [http-nio-8080-exec-1] o.s.s.w.a.AnonymousAuthenticationFilter  : Set SecurityContextHolder to anonymous SecurityContext
2026-05-30T18:05:41.410-03:00 DEBUG 23452 --- [http-nio-8080-exec-2] o.s.s.w.a.AnonymousAuthenticationFilter  : Set SecurityContextHolder to anonymous SecurityContext
2026-05-30T18:05:41.410-03:00 DEBUG 23452 --- [http-nio-8080-exec-9] o.s.security.web.FilterChainProxy        : Securing GET /h2-console/tree_empty.gif
2026-05-30T18:05:41.410-03:00 DEBUG 23452 --- [http-nio-8080-exec-6] o.s.s.w.a.AnonymousAuthenticationFilter  : Set SecurityContextHolder to anonymous SecurityContext
2026-05-30T18:05:41.410-03:00 DEBUG 23452 --- [http-nio-8080-exec-1] o.s.security.web.FilterChainProxy        : Secured GET /h2-console/tree_plus.gif
2026-05-30T18:05:41.410-03:00 DEBUG 23452 --- [http-nio-8080-exec-5] o.s.security.web.FilterChainProxy        : Secured GET /h2-console/tree_database.gif
2026-05-30T18:05:41.410-03:00 DEBUG 23452 --- [http-nio-8080-exec-9] o.s.s.w.a.AnonymousAuthenticationFilter  : Set SecurityContextHolder to anonymous SecurityContext
2026-05-30T18:05:41.410-03:00 DEBUG 23452 --- [http-nio-8080-exec-6] o.s.security.web.FilterChainProxy        : Secured GET /h2-console/tree_table.gif
2026-05-30T18:05:41.410-03:00 DEBUG 23452 --- [http-nio-8080-exec-2] o.s.security.web.FilterChainProxy        : Secured GET /h2-console/tree_minus.gif
2026-05-30T18:05:41.410-03:00 DEBUG 23452 --- [http-nio-8080-exec-9] o.s.security.web.FilterChainProxy        : Secured GET /h2-console/tree_empty.gif
2026-05-30T18:05:41.410-03:00 DEBUG 23452 --- [http-nio-8080-exec-10] o.s.security.web.FilterChainProxy        : Securing GET /h2-console/tree_column.gif
2026-05-30T18:05:41.411-03:00 DEBUG 23452 --- [http-nio-8080-exec-10] o.s.s.w.a.AnonymousAuthenticationFilter  : Set SecurityContextHolder to anonymous SecurityContext
2026-05-30T18:05:41.411-03:00 DEBUG 23452 --- [http-nio-8080-exec-10] o.s.security.web.FilterChainProxy        : Secured GET /h2-console/tree_column.gif
2026-05-30T18:05:41.415-03:00 DEBUG 23452 --- [http-nio-8080-exec-6] o.s.security.web.FilterChainProxy        : Securing GET /h2-console/tree_view.gif
2026-05-30T18:05:41.415-03:00 DEBUG 23452 --- [http-nio-8080-exec-7] o.s.security.web.FilterChainProxy        : Securing GET /h2-console/tree_type.gif
2026-05-30T18:05:41.415-03:00 DEBUG 23452 --- [http-nio-8080-exec-4] o.s.security.web.FilterChainProxy        : Securing GET /h2-console/tree_index_az.gif
2026-05-30T18:05:41.416-03:00 DEBUG 23452 --- [http-nio-8080-exec-6] o.s.s.w.a.AnonymousAuthenticationFilter  : Set SecurityContextHolder to anonymous SecurityContext
2026-05-30T18:05:41.416-03:00 DEBUG 23452 --- [http-nio-8080-exec-3] o.s.security.web.FilterChainProxy        : Securing GET /h2-console/tree_folder.gif
2026-05-30T18:05:41.416-03:00 DEBUG 23452 --- [http-nio-8080-exec-8] o.s.security.web.FilterChainProxy        : Securing GET /h2-console/tree_index.gif
2026-05-30T18:05:41.416-03:00 DEBUG 23452 --- [http-nio-8080-exec-7] o.s.s.w.a.AnonymousAuthenticationFilter  : Set SecurityContextHolder to anonymous SecurityContext
2026-05-30T18:05:41.416-03:00 DEBUG 23452 --- [http-nio-8080-exec-4] o.s.s.w.a.AnonymousAuthenticationFilter  : Set SecurityContextHolder to anonymous SecurityContext
2026-05-30T18:05:41.416-03:00 DEBUG 23452 --- [http-nio-8080-exec-3] o.s.s.w.a.AnonymousAuthenticationFilter  : Set SecurityContextHolder to anonymous SecurityContext
2026-05-30T18:05:41.417-03:00 DEBUG 23452 --- [http-nio-8080-exec-7] o.s.security.web.FilterChainProxy        : Secured GET /h2-console/tree_type.gif
2026-05-30T18:05:41.416-03:00 DEBUG 23452 --- [http-nio-8080-exec-6] o.s.security.web.FilterChainProxy        : Secured GET /h2-console/tree_view.gif
2026-05-30T18:05:41.417-03:00 DEBUG 23452 --- [http-nio-8080-exec-8] o.s.s.w.a.AnonymousAuthenticationFilter  : Set SecurityContextHolder to anonymous SecurityContext
2026-05-30T18:05:41.417-03:00 DEBUG 23452 --- [http-nio-8080-exec-3] o.s.security.web.FilterChainProxy        : Secured GET /h2-console/tree_folder.gif
2026-05-30T18:05:41.417-03:00 DEBUG 23452 --- [http-nio-8080-exec-4] o.s.security.web.FilterChainProxy        : Secured GET /h2-console/tree_index_az.gif
2026-05-30T18:05:41.417-03:00 DEBUG 23452 --- [http-nio-8080-exec-8] o.s.security.web.FilterChainProxy        : Secured GET /h2-console/tree_index.gif
2026-05-30T18:05:41.420-03:00 DEBUG 23452 --- [http-nio-8080-exec-4] o.s.security.web.FilterChainProxy        : Securing GET /h2-console/tree_users.gif
2026-05-30T18:05:41.420-03:00 DEBUG 23452 --- [http-nio-8080-exec-4] o.s.s.w.a.AnonymousAuthenticationFilter  : Set SecurityContextHolder to anonymous SecurityContext
2026-05-30T18:05:41.420-03:00 DEBUG 23452 --- [http-nio-8080-exec-4] o.s.security.web.FilterChainProxy        : Secured GET /h2-console/tree_users.gif
2026-05-30T18:05:41.422-03:00 DEBUG 23452 --- [http-nio-8080-exec-5] o.s.security.web.FilterChainProxy        : Securing GET /h2-console/tree_user.gif
2026-05-30T18:05:41.422-03:00 DEBUG 23452 --- [http-nio-8080-exec-1] o.s.security.web.FilterChainProxy        : Securing GET /h2-console/tree_info.gif
2026-05-30T18:05:41.422-03:00 DEBUG 23452 --- [http-nio-8080-exec-5] o.s.s.w.a.AnonymousAuthenticationFilter  : Set SecurityContextHolder to anonymous SecurityContext
2026-05-30T18:05:41.422-03:00 DEBUG 23452 --- [http-nio-8080-exec-1] o.s.s.w.a.AnonymousAuthenticationFilter  : Set SecurityContextHolder to anonymous SecurityContext
2026-05-30T18:05:41.422-03:00 DEBUG 23452 --- [http-nio-8080-exec-1] o.s.security.web.FilterChainProxy        : Secured GET /h2-console/tree_info.gif
2026-05-30T18:05:41.422-03:00 DEBUG 23452 --- [http-nio-8080-exec-5] o.s.security.web.FilterChainProxy        : Secured GET /h2-console/tree_user.gif
2026-05-30T18:05:41.431-03:00 DEBUG 23452 --- [http-nio-8080-exec-10] o.s.security.web.FilterChainProxy        : Securing GET /favicon.ico
2026-05-30T18:05:41.432-03:00 DEBUG 23452 --- [http-nio-8080-exec-10] o.s.s.w.a.AnonymousAuthenticationFilter  : Set SecurityContextHolder to anonymous SecurityContext
2026-05-30T18:05:41.432-03:00 DEBUG 23452 --- [http-nio-8080-exec-10] s.w.a.DelegatingAuthenticationEntryPoint : Trying to match using RequestHeaderRequestMatcher [expectedHeaderName=X-Requested-With, expectedHeaderValue=XMLHttpRequest]
2026-05-30T18:05:41.432-03:00 DEBUG 23452 --- [http-nio-8080-exec-10] s.w.a.DelegatingAuthenticationEntryPoint : No match found. Using default entry point org.springframework.security.web.authentication.www.BasicAuthenticationEntryPoint@6eceeec9
2026-05-30T18:05:41.433-03:00 DEBUG 23452 --- [http-nio-8080-exec-10] o.s.security.web.FilterChainProxy        : Securing GET /error
2026-05-30T18:05:41.434-03:00 DEBUG 23452 --- [http-nio-8080-exec-10] o.s.s.w.a.AnonymousAuthenticationFilter  : Set SecurityContextHolder to anonymous SecurityContext
2026-05-30T18:05:41.434-03:00 DEBUG 23452 --- [http-nio-8080-exec-10] s.w.a.DelegatingAuthenticationEntryPoint : Trying to match using RequestHeaderRequestMatcher [expectedHeaderName=X-Requested-With, expectedHeaderValue=XMLHttpRequest]
2026-05-30T18:05:41.434-03:00 DEBUG 23452 --- [http-nio-8080-exec-10] s.w.a.DelegatingAuthenticationEntryPoint : No match found. Using default entry point org.springframework.security.web.authentication.www.BasicAuthenticationEntryPoint@6eceeec9
2026-05-30T18:05:43.854-03:00 DEBUG 23452 --- [http-nio-8080-exec-9] o.s.security.web.FilterChainProxy        : Securing POST /h2-console/query.do?jsessionid=68ff478153d16d5a4f66549faa277e3e
2026-05-30T18:05:43.855-03:00 DEBUG 23452 --- [http-nio-8080-exec-9] o.s.s.w.a.AnonymousAuthenticationFilter  : Set SecurityContextHolder to anonymous SecurityContext
2026-05-30T18:05:43.855-03:00 DEBUG 23452 --- [http-nio-8080-exec-9] o.s.security.web.FilterChainProxy        : Secured POST /h2-console/query.do?jsessionid=68ff478153d16d5a4f66549faa277e3e
2026-05-30T18:05:43.870-03:00 DEBUG 23452 --- [http-nio-8080-exec-3] o.s.security.web.FilterChainProxy        : Securing GET /h2-console/table.js
2026-05-30T18:05:43.870-03:00 DEBUG 23452 --- [http-nio-8080-exec-3] o.s.s.w.a.AnonymousAuthenticationFilter  : Set SecurityContextHolder to anonymous SecurityContext
2026-05-30T18:05:43.871-03:00 DEBUG 23452 --- [http-nio-8080-exec-3] o.s.security.web.FilterChainProxy        : Secured GET /h2-console/table.js
2026-05-30T18:09:42.801-03:00  INFO 23452 --- [SpringApplicationShutdownHook] o.s.b.w.e.tomcat.GracefulShutdown        : Commencing graceful shutdown. Waiting for active requests to complete
2026-05-30T18:09:42.806-03:00  INFO 23452 --- [tomcat-shutdown] o.s.b.w.e.tomcat.GracefulShutdown        : Graceful shutdown complete
2026-05-30T18:09:42.809-03:00  INFO 23452 --- [SpringApplicationShutdownHook] j.LocalContainerEntityManagerFactoryBean : Closing JPA EntityManagerFactory for persistence unit 'default'
2026-05-30T18:09:42.814-03:00  INFO 23452 --- [SpringApplicationShutdownHook] com.zaxxer.hikari.HikariDataSource       : HikariPool-1 - Shutdown initiated...
2026-05-30T18:09:42.816-03:00  INFO 23452 --- [SpringApplicationShutdownHook] com.zaxxer.hikari.HikariDataSource       : HikariPool-1 - Shutdown completed.
